sep=;
Date;Bid;Ask;Opening price;High price;Low price;Closing price;Average price;Total volume;Turnover;Trades;
2018-08-24;226,40;226,70;227,10;227,50;225,40;226,40;226,416;399437;90439272,95;1971;
2018-08-23;227,00;227,30;223,30;228,20;222,60;226,70;226,326;416150;94186224,29;2265;
2018-08-22;223,70;224,00;223,50;227,60;223,20;223,90;225,488;717003;161736059,2;3156;
2018-08-21;223,20;223,40;223,10;224,20;219,40;223,40;223,299;1481876;330866079,8;3448;
2018-08-20;222,60;222,80;215,00;223,10;213,40;223,10;220,354;1412530;310448908,11;4961;
2018-08-17;215,40;215,70;217,00;217,00;211,20;215,00;214,176;561309;120214968,8;2877;
2018-08-16;216,20;216,80;224,80;229,10;207,10;217,60;217,151;1585735;344428262,65;8439;
2018-08-15;226,20;226,40;231,60;231,70;225,00;226,40;226,734;415381;94141275,1;2417;
2018-08-14;228,70;229,00;235,00;235,30;228,60;228,70;230,172;387439;89220884,45;1756;
2018-08-13;233,60;233,90;231,90;234,50;228,60;233,50;232,326;360236;83689546,45;2084;
2018-08-10;231,40;231,60;236,10;236,50;231,40;232,00;233,203;364381;84981791,1;2194;
2018-08-09;237,00;237,20;238,60;238,90;236,90;236,90;237,521;633715;150561147,4;2008;
2018-08-08;237,80;237,90;237,10;238,30;236,40;238,30;237,424;229186;54414023,6;1334;
2018-08-07;236,50;236,60;236,60;237,30;235,60;237,10;236,812;230501;54584920,35;1878;
2018-08-06;236,70;236,90;236,00;238,30;235,80;236,70;236,898;230638;54637460,6;1936;
2018-08-03;235,20;235,40;237,00;237,50;235,30;235,30;235,782;295296;69628153,4;1860;
2018-08-02;235,20;235,40;237,80;238,40;235,30;235,40;236,235;234278;55350159,85;1527;
2018-08-01;238,70;238,80;238,20;240,90;237,10;238,70;239,035;367872;87935214,4;2576;
2018-07-31;237,50;237,60;237,80;238,20;235,50;238,20;237,477;373085;88597878,55;2162;
2018-07-30;237,10;237,20;235,40;238,50;234,20;237,60;237,444;283568;67330301,85;1994;
2018-07-27;235,20;235,30;233,00;236,10;232,40;236,10;235,223;267113;62821426,95;1535;
2018-07-26;232,00;232,20;230,00;233,10;229,90;232,50;231,928;278061;64488115,65;1610;
2018-07-25;229,10;229,30;226,00;229,50;226,00;229,30;228,616;435651;99592262,2;2011;
2018-07-24;226,20;226,40;228,30;229,50;226,00;226,90;227,686;389357;88651402,15;2907;
2018-07-23;228,20;228,40;228,90;229,60;227,50;228,30;228,579;176944;40446566,5;1378;
2018-07-20;228,70;228,90;229,40;232,70;227,60;228,80;229,777;474729;109082414,44;3112;
2018-07-19;227,80;227,90;223,40;229,10;223,30;227,70;227,301;461786;104960653;2762;
2018-07-18;222,70;222,80;223,50;223,80;222,20;223,00;223,011;199934;44587773,15;1291;
2018-07-17;222,50;222,70;222,80;223,80;222,00;222,60;222,773;405089;90254441,05;1358;
2018-07-16;222,50;222,70;224,70;225,40;222,00;223,00;223,128;254277;56735553;1477;
2018-07-13;224,50;224,70;224,90;225,60;224,00;224,70;224,783;252075;56662850,3;1330;
2018-07-12;224,70;224,90;224,50;225,60;222,80;224,50;224,356;231646;51971900,35;1470;
2018-07-11;224,20;224,40;224,20;225,00;223,00;224,00;224,04;248966;55779446,65;1389;
2018-07-10;225,50;225,70;222,90;225,80;221,80;225,60;224,685;233020;52354267,35;1361;
2018-07-09;222,40;222,50;221,10;222,60;219,80;222,60;221,822;214272;47524373,15;1575;
2018-07-06;219,90;220,00;217,20;220,20;216,40;220,20;219,247;334876;73419333,3;1772;
2018-07-05;216,60;216,80;219,00;220,90;216,10;216,80;217,228;463025;100577283,35;2338;
2018-07-04;214,70;214,90;217,20;217,20;214,60;215,20;215,546;148610;32033194,1;1003;
2018-07-03;218,20;218,50;216,90;219,40;216,40;218,20;218,117;417754;91117527,95;1932;
2018-07-02;216,20;216,30;217,00;218,40;215,30;216,30;216,213;273625;59160983,35;1690;
2018-06-29;219,40;219,60;218,10;220,40;216,80;219,30;219,147;341230;74778759,3;1444;
2018-06-28;216,10;216,20;218,70;220,30;215,80;216,00;216,828;251846;54607040,95;1383;
2018-06-27;219,20;219,40;219,50;220,50;216,00;219,50;218,939;506544;110889441,05;2816;
2018-06-26;219,60;219,70;222,00;222,60;218,90;219,30;219,824;327540;72009631,5;1613;
2018-06-25;222,40;222,60;224,40;225,10;222,10;222,30;223,055;275367;61424035,45;1814;
2018-06-22;224,20;224,40;221,40;225,10;221,40;224,50;224,039;239159;53567684,85;1674;
2018-06-21;221,80;222,00;222,60;223,80;221,10;221,40;222,164;468423;104068427,65;3013;
2018-06-20;222,80;223,00;224,20;224,80;222,20;222,70;223,065;382594;85347545,1;2387;
2018-06-19;222,40;222,50;224,00;224,40;221,30;222,90;223,017;348367;77690324,9;2461;
2018-06-18;222,80;223,00;226,10;226,40;221,70;223,00;222,953;383660;85534587,6;2307;
2018-06-15;224,50;224,70;222,50;226,60;222,50;226,60;225,755;784198;177013443,3;2689;
2018-06-14;222,70;222,90;221,50;223,00;220,40;222,40;221,962;335747;74522660,25;1878;
2018-06-13;221,90;222,10;221,60;223,20;221,20;222,10;222,276;218931;48663658,7;1204;
2018-06-12;221,30;221,50;221,60;222,60;220,50;221,70;221,771;320699;71130810,45;2130;
2018-06-11;220,30;220,50;222,20;223,10;219,50;220,80;220,957;312598;69069052,85;1686;
2018-06-08;222,10;222,40;222,30;222,50;219,80;222,40;221,496;347132;76876789,25;2014;
2018-06-07;222,50;222,70;221,10;226,40;221,10;222,70;224,012;501261;112289348,35;2875;
2018-06-06;219,50;219,60;219,80;220,60;218,80;219,60;219,68;325805;71574361,25;2133;
2018-06-04;219,60;219,70;221,00;221,50;219,20;219,70;220,068;354358;77985672,75;1965;
2018-06-01;219,30;219,50;218,40;220,50;217,70;219,60;219,48;345399;75808375,7;1774;
2018-05-31;216,70;216,90;217,90;218,90;216,70;217,60;217,572;805496;175252094,1;2383;
2018-05-30;217,00;217,20;216,10;217,50;215,90;217,00;217,049;714817;155161517,15;2697;
2018-05-29;216,50;216,70;216,20;217,50;215,10;216,60;216,532;671171;145329120,6;3848;
2018-05-28;217,00;217,30;218,00;218,00;215,80;217,50;216,813;235199;50986705,85;1444;
2018-05-25;217,10;217,20;216,00;217,80;215,80;216,90;216,857;306907;66556238,15;1423;
2018-05-24;215,00;215,20;215,90;217,80;215,10;215,10;215,838;272187;58748475,65;1547;
2018-05-23;215,90;216,10;215,40;217,20;214,10;215,80;216,063;652620;141072184,85;2187;
2018-05-22;216,70;216,90;215,40;217,20;214,90;217,00;216,43;405918;87848353,25;2121;
2018-05-18;214,30;214,40;213,60;215,70;212,50;214,50;214,696;473136;101578795,57;2432;
2018-05-17;212,90;213,10;212,90;215,60;209,30;213,40;213,282;475762;101465105,66;2804;
2018-05-16;212,00;212,20;211,30;212,60;206,40;211,90;210,167;714756;150191472,45;4269;
2018-05-15;211,30;211,40;214,50;215,40;210,70;211,40;211,742;1101779;233315159,08;4390;
2018-05-14;214,80;215,10;225,80;228,70;214,40;214,70;217,266;1171093;254455144,4;7062;
2018-05-09;222,40;222,70;223,00;232,00;220,00;220,90;223,673;1436806;321400267,95;8882;
2018-05-08;219,80;220,10;218,80;221,00;218,10;220,00;219,558;349764;76793325,3;2223;
2018-05-07;217,70;217,90;220,30;220,30;216,90;218,20;218,249;264748;57781056,5;1756;
2018-05-04;219,40;219,50;220,40;221,50;219,00;219,40;219,799;289401;63610543,8;1746;
2018-05-03;219,00;219,10;218,80;221,80;217,90;219,00;219,69;539847;118588628,3;2721;
2018-05-02;218,20;218,40;215,60;218,50;214,40;218,50;217,177;352990;76660093,1;2512;
2018-05-01;214,20;214,50;215,90;218,10;214,10;214,70;215,278;178512;38423405;1235;
2018-04-30;216,00;216,20;219,90;221,70;215,70;216,00;217,305;612042;133003305,85;3438;
2018-04-26;219,50;219,60;216,90;219,80;215,30;219,60;218,787;290616;63583114,55;2236;
2018-04-25;216,50;216,70;215,40;216,80;215,20;216,60;216,149;323819;69992086;2447;
2018-04-24;216,10;216,40;216,70;217,00;215,60;216,30;216,101;283684;61304385,52;2135;
2018-04-23;216,10;216,30;215,00;216,20;215,00;215,90;215,623;883605;190364095,2;2159;
2018-04-20;214,80;215,00;215,20;215,60;213,90;214,80;214,693;456368;97974943,4;2085;
2018-04-19;214,50;214,80;212,80;217,40;212,80;215,00;215,594;383137;82595331,99;2539;
2018-04-18;212,50;212,60;212,00;212,60;211,00;212,10;211,964;116258;24642561,4;694;
2018-04-17;211,40;211,60;211,50;211,60;209,30;211,30;210,61;334073;70358437,6;2344;
2018-04-16;211,60;211,80;211,30;214,10;210,10;211,30;211,738;404846;85721281,55;2892;
2018-04-13;210,50;210,80;212,00;213,80;210,40;210,70;211,381;395570;83616092,8;2243;
2018-04-12;210,30;210,50;208,40;210,80;204,10;210,00;209,321;562447;117732214,2;3512;
2018-04-11;215,60;215,70;216,60;218,20;214,50;215,50;215,794;428368;92444840,65;2631;
2018-04-10;217,60;217,80;217,50;218,30;216,00;217,30;217,118;336563;73084769,85;1695;
2018-04-09;217,20;217,30;218,30;218,50;217,00;217,00;217,336;264759;57541671,6;1481;
2018-04-06;217,00;217,20;216,90;218,30;215,70;216,90;216,693;413472;89596523,8;2374;
2018-04-05;217,60;217,90;217,40;218,10;215,10;217,50;216,761;370879;80392270,7;2399;
2018-04-04;214,30;214,50;216,20;216,90;214,10;215,00;215,302;738288;158954365,2;3784;
2018-04-03;215,40;215,70;222,50;222,50;214,20;216,00;216,455;1335503;289279618,2;6997;
2018-03-28;223,40;223,80;222,40;224,60;219,00;223,60;222,876;1115589;246903708,9;3060;
2018-03-27;222,50;222,70;221,00;224,40;219,60;222,80;222,83;989239;220452824,17;3026;
2018-03-26;219,40;219,50;218,70;221,50;216,40;219,10;219,529;727333;159735463,95;3071;
2018-03-23;218,40;218,70;215,00;219,30;212,30;219,20;217,456;512422;111443887,35;2845;
2018-03-22;216,70;216,80;220,30;221,00;216,60;216,80;217,614;347529;75653244,75;2410;
2018-03-21;220,70;220,90;221,00;222,10;219,80;220,40;220,854;744480;164464176,7;3191;
2018-03-20;221,00;221,20;223,10;223,50;219,50;221,00;220,953;401119;88628260,1;2586;
2018-03-19;221,70;221,90;224,10;224,90;221,40;222,00;222,368;318773;70886107,15;2289;
2018-03-16;224,10;224,20;224,00;225,40;222,90;224,90;224,531;420513;94417994,5;2215;
2018-03-15;223,00;223,20;223,70;224,10;221,70;222,80;222,659;362634;80743997,46;2487;
2018-03-14;223,40;223,60;224,70;225,20;223,00;223,30;223,74;208868;46732341,8;1609;
2018-03-13;224,50;224,70;226,30;226,80;223,60;224,70;224,969;345535;77734420,4;2459;
2018-03-12;225,90;226,10;226,30;227,40;225,40;226,10;226,247;230562;52163834,4;1660;
2018-03-09;225,30;225,40;225,20;227,10;223,90;225,50;225,766;375058;84674287,1;2414;
2018-03-08;225,50;225,60;226,30;226,80;224,80;225,70;225,825;369894;83531404;2330;
2018-03-07;225,10;225,30;223,10;225,70;222,70;225,70;224,73;474843;106708752,2;2943;
2018-03-06;223,00;223,20;223,40;224,40;222,00;223,50;223,222;490556;109502338,8;2831;
2018-03-05;221,50;221,70;216,50;222,10;216,50;221,70;220,724;432877;95545904,63;2603;
2018-03-02;217,70;218,00;218,80;219,00;216,80;217,00;217,579;466606;101523840,55;4283;
2018-03-01;220,00;220,30;222,00;222,10;219,00;219,60;220,186;527769;116120910,3;3202;
2018-02-28;223,70;223,90;224,70;225,20;222,30;222,30;222,947;599729;133708218,15;2694;
2018-02-27;225,60;225,80;228,50;228,60;223,80;226,00;225,513;418341;94341223,8;2781;
2018-02-26;228,40;228,60;231,40;232,50;228,30;228,50;230,074;443190;101965951,75;3106;
2018-02-23;227,60;227,80;236,00;236,40;226,60;228,20;228,824;489730;112062637,2;3549;
2018-02-22;235,50;235,70;224,00;236,80;224,00;235,40;232,70;1158560;269446183,58;7944;
2018-02-21;222,90;223,10;222,00;223,70;221,20;223,00;222,532;441020;98139073,64;2799;
2018-02-20;222,20;222,50;223,20;224,90;221,40;222,10;222,551;660495;147000809,72;3795;
2018-02-19;223,40;223,60;229,50;229,80;223,00;223,20;225,168;442478;99632549,54;2831;
2018-02-16;229,20;229,40;228,80;229,90;226,90;229,10;228,846;345302;79022009,9;2108;
2018-02-15;227,80;228,10;227,00;228,60;224,30;227,80;226,638;687360;155777124,26;3462;
2018-02-14;226,00;226,30;224,50;227,40;222,30;225,80;225,648;503244;113556041,9;2989;
2018-02-13;223,80;223,90;227,40;228,10;222,10;223,20;223,592;510077;114049211,65;3924;
2018-02-12;227,20;227,40;229,60;229,90;225,90;226,90;227,449;330607;75196146,1;2127;
2018-02-09;227,10;227,30;227,70;230,40;225,40;226,10;227,743;599238;136470270,25;3912;
2018-02-08;227,60;227,80;231,70;231,80;227,50;228,40;229,653;465176;106828976,5;2805;
2018-02-07;231,90;232,10;230,00;232,10;226,30;232,00;229,913;672822;154700738,5;4235;
2018-02-06;224,60;224,80;217,40;225,20;216,40;225,00;223,20;792582;176893138;4110;
2018-02-05;225,60;225,80;229,10;229,10;225,60;225,90;226,776;340075;77120757,8;3135;
2018-02-02;229,80;230,00;232,70;233,20;227,60;229,70;229,957;442898;101847603,2;2900;
2018-02-01;232,70;233,00;234,50;237,20;232,60;232,80;234,27;488303;114399846,2;4052;
2018-01-31;234,10;234,30;240,60;241,60;232,70;233,90;234,972;774428;181967693,8;4583;
2018-01-30;239,90;240,00;242,00;242,70;239,70;239,70;241,025;411469;99174653,35;2369;
2018-01-29;242,90;243,00;242,50;243,60;241,80;242,90;242,822;327571;79541360,9;1907;
2018-01-26;243,00;243,10;239,60;244,10;237,40;242,30;241,533;621561;150521620,35;2865;
2018-01-25;238,80;238,90;242,00;242,20;238,10;238,30;239,727;462688;110927620,6;2775;
2018-01-24;242,50;242,70;245,30;245,30;242,30;242,30;243,105;321601;78183764,2;1997;
2018-01-23;244,40;244,60;243,80;245,30;242,60;244,00;243,802;399594;97382394,6;2049;
2018-01-22;243,20;243,40;244,30;244,30;242,80;243,40;243,177;428399;104187748,88;2187;
2018-01-19;243,50;243,60;241,60;243,90;240,70;243,50;242,452;347808;84326427,55;2859;
2018-01-18;240,90;241,10;240,00;245,20;240,00;240,80;242,233;832223;201593677,5;4810;
2018-01-17;238,50;238,60;237,40;239,40;236,10;239,00;237,564;753455;178959448,8;2469;
2018-01-16;238,00;238,10;238,60;239,30;237,20;238,20;238,086;305342;72698064,35;2235;
2018-01-15;239,10;239,30;238,80;239,70;237,00;239,30;238,563;244619;58357559,15;1759;
2018-01-12;238,20;238,40;238,10;239,40;236,00;238,20;237,599;396475;94202968,95;2396;
2018-01-11;238,10;238,20;241,90;242,10;235,60;238,10;237,673;468858;111434644,8;3124;
2018-01-10;241,80;242,00;244,50;245,40;240,40;241,60;241,899;389178;94143241,95;2722;
2018-01-09;244,00;244,20;242,50;249,30;242,30;244,50;245,312;586671;143918930,2;3852;
2018-01-08;241,20;241,40;245,00;246,00;241,00;242,00;242,989;359701;87402928,5;2360;
2018-01-05;243,40;243,60;245,40;246,40;243,50;244,30;244,67;295428;72282424,4;1836;
2018-01-04;244,80;245,00;244,30;245,10;241,60;244,40;244,10;434711;106113283;2699;
2018-01-03;241,60;241,80;241,00;243,60;241,00;242,00;242,206;437039;105867268,85;2868;
2018-01-02;240,90;241,10;240,70;241,70;239,10;241,00;240,598;816779;196571571,3;1800;
2017-12-29;240,90;241,10;242,00;243,00;240,10;240,30;240,965;196887;47442799,9;1463;
2017-12-28;241,60;241,70;241,30;242,80;240,30;242,00;241,553;209653;50641146,35;1294;
2017-12-27;241,40;241,60;240,40;242,30;239,90;241,50;241,228;702153;169004082,57;1716;
2017-12-22;240,20;240,30;237,00;240,50;237,00;240,50;239,506;173541;41561219,55;1188;
2017-12-21;238,20;238,40;238,00;239,10;236,50;237,70;238,045;205423;48899316,5;1394;
2017-12-20;237,80;238,00;238,10;238,60;236,50;238,00;237,888;179275;42646879;1232;
2017-12-19;237,90;238,10;238,00;239,70;237,90;237,90;238,486;370636;88414472,4;2006;
2017-12-18;238,40;238,50;233,60;239,50;233,60;238,00;237,911;479518;114082639,25;3170;
2017-12-15;232,20;232,40;231,00;232,90;231,00;232,60;232,473;500441;116338647,5;2236;
2017-12-14;232,50;232,70;233,20;234,60;231,80;232,50;232,794;490225;114122521,9;2711;
2017-12-13;234,60;234,80;230,30;234,90;230,00;234,30;233,786;349261;81649669,38;2317;
2017-12-12;231,40;231,60;232,50;232,80;230,60;230,60;231,321;407464;94255612,78;1986;
2017-12-11;232,70;232,80;233,90;235,90;231,50;232,50;232,653;319361;74300069,7;1794;
2017-12-08;233,10;233,40;232,40;234,60;232,00;233,00;233,106;377673;88038152,7;2594;
2017-12-07;232,50;232,70;232,30;234,30;232,00;232,30;232,748;306709;71385910,26;1917;
2017-12-06;231,50;231,70;233,50;234,20;230,80;231,80;231,684;520824;120668628,53;2734;
2017-12-05;234,60;234,80;231,90;235,30;230,90;235,30;233,839;505194;118131771,3;2851;
2017-12-04;231,20;231,40;231,60;233,10;230,20;231,80;231,683;406963;94285695,25;2377;
2017-12-01;232,50;232,70;230,60;232,90;227,00;232,20;231,626;514826;119201878,2;2713;
2017-11-30;236,10;236,40;233,00;236,50;230,40;236,40;235,576;1246591;293666435,2;3659;
2017-11-29;232,90;233,10;234,60;236,40;232,70;233,10;234,46;384812;90212997,45;2716;
2017-11-28;233,00;233,10;231,60;233,30;230,90;233,30;232,512;585478;136129808,53;2881;
2017-11-27;232,90;233,00;233,80;233,80;230,80;232,70;232,076;885824;206015473,53;3907;
2017-11-24;233,10;233,30;235,70;236,40;232,70;234,00;234,12;355633;83261322,49;2493;
2017-11-23;235,70;235,90;237,00;237,10;235,20;235,80;236,037;184090;43451228,9;1194;
2017-11-22;236,10;236,30;239,20;239,30;235,60;236,60;236,579;570761;135029711,05;4807;
2017-11-21;238,60;238,80;240,20;240,70;238,20;239,10;239,69;462720;110909106,15;3195;
2017-11-20;240,00;240,20;241,30;241,30;239,10;240,20;240,023;356837;85649189,7;2142;
2017-11-17;241,90;242,10;240,00;242,80;238,10;242,10;241,484;746982;180297857,21;3816;
2017-11-16;244,80;245,10;245,00;245,00;242,50;244,50;243,807;542653;132302713,4;3244;
2017-11-15;242,90;243,10;237,50;243,60;235,90;243,10;240,863;994864;239602560,45;6249;
2017-11-14;241,30;241,50;243,20;244,80;239,30;241,00;240,973;615346;148282599,4;3945;
2017-11-13;244,20;244,40;247,30;248,00;243,20;244,00;244,578;552183;135081266,35;3465;
2017-11-10;248,50;248,70;246,20;249,00;244,50;248,70;246,861;701495;173164317,55;3746;
2017-11-09;246,80;247,10;253,50;253,70;244,50;245,90;247,243;933672;230853487,4;6387;
2017-11-08;253,30;253,50;255,00;259,60;253,10;253,20;255,377;1847789;472449364,06;8146;
2017-11-07;267,40;267,70;272,40;272,40;267,30;267,30;268,965;478970;128826239,77;3419;
2017-11-06;272,10;272,40;273,80;274,00;271,60;272,50;272,521;280211;76363253,6;2016;
2017-11-03;273,40;273,60;274,50;274,70;271,90;273,80;273,13;342886;93644345,22;2130;
2017-11-02;271,90;272,10;273,90;273,90;270,00;272,30;271,737;293961;79880699,2;2206;
2017-11-01;274,00;274,20;271,10;274,30;270,30;274,00;273,55;408578;111756735,55;2700;
2017-10-31;270,50;270,60;270,00;270,80;269,10;270,40;270,40;369246;99843838,18;1980;
2017-10-30;269,10;269,30;268,40;269,50;267,10;269,50;268,877;304172;81777449,3;1721;
2017-10-27;268,30;268,50;267,90;270,70;267,40;268,90;268,926;429044;115378259,8;2910;
2017-10-26;267,00;267,30;267,20;268,60;265,40;267,60;266,823;481026;128344453,6;3551;
2017-10-25;267,10;267,20;266,70;267,90;264,20;267,60;266,69;371842;99154142,2;2250;
2017-10-24;267,00;267,30;270,30;270,60;266,00;267,10;267,732;417429;111755589,21;2640;
2017-10-23;270,80;271,00;272,10;273,40;270,50;271,20;271,557;406343;110339392,93;2888;
2017-10-20;271,90;272,10;269,10;272,40;268,80;271,90;271,886;573197;155841296,61;3261;
2017-10-19;269,20;269,50;271,60;275,50;268,30;269,00;271,013;684141;185369722,65;5115;
2017-10-18;272,50;272,80;258,50;273,10;258,00;272,30;268,923;1360421;365855693,7;8071;
2017-10-17;258,70;258,90;258,00;259,00;257,00;258,80;258,515;258217;66752518,9;1904;
2017-10-16;257,50;257,70;256,50;257,80;255,50;257,50;257,207;280392;72117698,7;2064;
2017-10-13;257,40;257,60;256,60;257,80;255,50;257,40;257,153;325656;83742673,1;2235;
2017-10-12;257,30;257,40;258,10;258,90;256,90;257,50;257,574;294493;75853533,08;1769;
2017-10-11;257,60;257,80;258,40;258,80;256,50;257,70;257,42;348073;89600668,17;2162;
2017-10-10;257,60;257,80;258,00;258,90;257,10;257,60;257,766;434226;111928625,55;2170;
2017-10-09;255,80;256,10;256,10;256,50;254,50;255,80;255,669;288715;73815278,9;2212;
2017-10-06;256,30;256,50;256,00;257,50;256,00;256,30;256,518;350090;89804317,3;1775;
2017-10-05;255,90;256,00;253,20;256,30;253,00;256,20;255,42;353586;90312681,2;2373;
2017-10-04;254,00;254,30;253,00;254,60;252,60;254,40;253,865;217111;55116653,75;1736;
2017-10-03;253,10;253,30;252,40;253,70;250,40;253,30;252,55;447697;113062420,5;2247;
2017-10-02;252,30;252,40;253,20;254,10;251,00;252,10;252,183;268528;67716294,85;2221;
2017-09-29;253,80;253,90;252,10;253,90;250,40;253,20;252,641;392281;99106354,8;1973;
2017-09-28;252,30;252,50;250,30;252,70;248,60;252,10;251,056;227040;56999261,7;1428;
2017-09-27;250,00;250,30;251,10;251,20;249,10;249,30;249,704;365976;91395287,8;1792;
2017-09-26;249,50;249,70;251,40;252,00;249,60;249,80;250,255;334161;83626352,25;2293;
2017-09-25;251,80;252,00;251,00;254,60;250,20;252,00;252,578;402273;101603488,2;2906;
2017-09-22;252,00;252,20;249,70;253,10;249,10;251,60;251,409;379456;95396483,25;2655;
2017-09-21;250,00;250,10;249,60;250,70;247,80;250,00;249,754;409718;102325744,3;2670;
2017-09-20;247,90;248,10;249,50;250,50;247,40;248,00;248,491;404535;100522126,65;3200;
2017-09-19;248,40;248,50;247,50;248,80;246,50;248,80;247,75;447662;110907009,07;2690;
2017-09-18;247,00;247,20;243,70;247,40;242,70;246,70;246,221;427611;105288012,1;2985;
2017-09-15;242,60;242,80;246,60;246,80;241,40;242,00;242,743;972658;236106822,55;4456;
2017-09-14;246,90;247,10;246,10;247,30;244,60;247,20;246,793;482365;119040374,9;2556;
2017-09-13;245,70;245,90;249,30;249,30;245,20;245,20;246,041;337929;83147036,2;2058;
2017-09-12;249,50;249,60;247,30;250,90;247,20;249,30;249,105;476486;118694631;3103;
2017-09-11;247,40;247,60;243,90;250,10;243,80;247,40;247,278;373510;92357229,55;2645;
2017-09-08;242,90;243,10;244,10;244,10;240,90;243,00;242,443;319235;77396495,55;2191;
2017-09-07;244,00;244,30;242,20;244,30;240,30;244,10;242,741;523818;127148351;2911;
2017-09-06;241,80;242,00;241,60;242,40;237,10;242,00;240,309;635895;152810564,73;3389;
2017-09-05;242,00;242,10;244,00;244,00;241,30;242,30;242,462;355627;86226237,44;2127;
2017-09-04;242,80;243,00;245,50;245,60;242,40;242,90;243,222;341856;83146876,2;2069;
2017-09-01;246,70;246,80;242,50;248,40;242,50;246,90;247,037;506559;125139123,9;3460;
2017-08-31;243,70;243,80;241,10;244,30;241,00;243,10;243,169;504294;122628777,2;2274;
2017-08-30;241,10;241,30;241,10;242,90;240,50;241,10;241,21;416172;100384513,2;2246;
2017-08-29;241,00;241,10;245,00;246,50;240,10;240,60;240,961;480573;115802816,09;3365;
2017-08-28;243,30;243,50;243,30;244,60;242,60;243,50;243,446;261934;63766897,3;1831;
2017-08-25;243,80;243,90;246,90;246,90;243,40;243,40;244,247;372096;90883772,19;2154;
2017-08-24;246,80;247,10;245,40;247,20;242,30;246,50;244,985;531550;130221167,9;3605;
2017-08-23;245,00;245,10;250,00;250,00;244,10;245,00;246,256;488661;120342761,98;2825;
2017-08-22;251,10;251,30;248,20;251,20;246,70;250,90;248,999;892951;222332272,99;5473;
2017-08-21;248,10;248,30;245,60;248,50;244,90;248,20;247,689;1046090;259102603,87;6206;
2017-08-18;245,30;245,60;241,30;249,20;240,50;246,00;244,494;1601515;391637601,15;9941;
2017-08-17;239,20;239,40;249,00;251,30;238,00;238,00;243,497;2900834;706420291,1;19344;
2017-08-16;260,50;260,70;259,40;260,80;259,00;260,80;260,353;325037;84623816,05;2191;
2017-08-15;260,00;260,10;260,00;261,40;258,80;259,50;259,445;349451;90664020,83;2667;
2017-08-14;260,10;260,30;258,50;260,80;258,10;260,10;259,722;319621;83012744;2552;
2017-08-11;258,90;259,10;257,70;259,10;255,80;258,50;257,49;487504;125527048,8;3081;
2017-08-10;258,30;258,40;257,00;259,00;254,10;258,50;257,472;458760;118135144,8;2622;
2017-08-09;256,60;256,80;260,30;260,30;256,00;257,00;257,155;419471;107869162,3;2642;
2017-08-08;260,50;260,70;259,00;260,90;257,50;260,40;259,659;362751;94191125,9;2032;
2017-08-07;257,90;258,10;258,80;259,60;257,60;258,20;258,276;240512;62118303,2;1442;
2017-08-04;257,90;258,10;257,40;258,40;255,50;258,40;257,108;285551;73406561,5;2190;
2017-08-03;257,50;257,70;257,90;258,80;256,30;257,30;257,421;372583;95911073,1;3212;
2017-08-02;256,80;256,90;259,90;260,60;256,40;257,30;257,865;389443;100427221,45;2682;
2017-08-01;259,40;259,60;258,00;260,50;257,30;259,40;259,242;372813;96649076,5;3561;
2017-07-31;256,90;257,10;256,40;257,70;255,80;257,70;257,259;395804;101824177,4;1603;
2017-07-28;256,50;256,70;257,60;257,60;254,60;256,60;256,219;359365;92076178,1;2757;
2017-07-27;257,90;258,20;255,60;258,50;255,50;258,30;257,667;272703;70266030,8;2032;
2017-07-26;255,50;255,70;254,30;256,50;253,80;255,60;255,442;315257;80530001;1983;
2017-07-25;253,90;254,10;254,60;254,90;253,10;254,50;254,099;378362;96138741,55;2404;
2017-07-24;254,00;254,20;257,80;258,20;253,60;253,90;254,871;258394;65857049,32;1873;
2017-07-21;257,80;258,00;262,80;262,80;257,40;257,50;259,721;284226;73820383,7;2059;
2017-07-20;262,50;262,70;263,00;264,70;261,30;262,00;262,382;381735;100159967,3;2803;
2017-07-19;262,90;263,20;260,50;263,10;259,00;262,70;261,831;359475;94119088,4;2106;
2017-07-18;260,50;260,70;257,50;261,00;256,10;260,20;259,073;682341;176737093,26;3251;
2017-07-17;256,80;257,00;258,40;258,40;255,90;256,70;256,806;278241;71459552,4;2076;
2017-07-14;257,00;257,20;258,80;258,80;256,80;257,00;257,282;329412;84753558,27;1754;
2017-07-13;258,00;258,20;258,40;258,90;257,20;258,30;258,223;338766;87477248,42;2034;
2017-07-12;257,60;257,80;255,80;258,20;255,20;257,40;256,53;442450;113501493,6;2691;
2017-07-11;254,60;254,70;256,30;257,00;254,40;255,00;255,213;423075;107974942,8;2252;
2017-07-10;256,10;256,20;254,20;256,50;252,70;256,30;254,894;360097;91786423,9;2380;
2017-07-07;252,00;252,20;253,40;253,60;250,80;252,00;252,003;385905;97249514,25;2421;
2017-07-06;252,20;252,40;255,60;256,50;251,70;252,80;252,85;288434;72930322,9;1748;
2017-07-05;254,90;255,10;256,10;256,20;254,70;255,00;255,224;352964;90085301,6;1642;
2017-07-04;255,70;255,90;256,70;257,90;255,60;256,10;256,086;309220;79187322,98;2233;
2017-07-03;257,20;257,40;258,50;259,20;256,30;257,50;257,625;399005;102793774,2;2902;
2017-06-30;255,00;255,10;255,10;257,10;254,20;255,70;255,664;519536;132825885,4;2474;
2017-06-29;255,10;255,30;259,50;259,80;254,90;255,20;257,019;450698;115838930,55;3151;
2017-06-28;257,80;258,00;260,80;260,80;257,30;258,30;259,012;576837;149409624,95;3217;
2017-06-27;260,90;261,10;266,10;266,70;260,30;261,20;261,688;465793;121892222,85;3349;
2017-06-26;267,40;267,70;270,50;270,50;267,10;267,60;268,009;311080;83371874,9;1682;
2017-06-23;269,60;269,70;270,40;270,40;268,50;269,50;269,486;291457;78544982,85;1732;
2017-06-22;269,60;269,80;271,70;271,70;268,40;270,10;269,811;444414;119908610,4;2554;
2017-06-21;271,60;271,70;273,00;273,00;270,90;271,80;271,712;280040;76087813,05;1636;
2017-06-20;272,80;273,00;273,90;276,80;272,70;272,80;273,746;272531;74605300,1;1997;
2017-06-19;272,50;272,60;271,00;273,50;271,00;272,70;272,522;216366;58964420;1756;
2017-06-16;269,50;269,70;268,50;270,70;268,10;270,00;269,97;582225;157183381,8;2913;
2017-06-15;268,20;268,40;271,30;271,30;268,20;268,50;268,722;359340;96562580;2523;
2017-06-14;272,40;272,50;269,50;273,30;269,30;271,40;271,815;386061;104937027,8;2369;
2017-06-13;269,30;269,40;268,80;270,50;268,00;269,60;269,43;356370;96016985,1;2389;
2017-06-12;268,50;268,70;272,30;272,30;268,00;268,50;268,953;347136;93335791,65;1822;
2017-06-09;272,50;272,70;271,30;273,60;270,80;273,10;272,627;318650;86873064,9;2101;
2017-06-08;270,70;270,90;274,50;275,00;270,50;270,70;271,881;337258;91695495,9;2332;
2017-06-07;273,80;274,00;275,00;275,00;271,90;274,20;273,786;434488;118848535,9;2364;
2017-06-06;274,50;274,70;274,00;276,10;273,60;274,70;274,83;336462;92469947,85;2890;
2017-06-02;274,40;274,60;272,90;275,50;272,20;274,50;274,344;425771;116807506,79;2365;
2017-06-01;271,70;272,00;270,00;272,70;265,30;272,00;270,843;916828;248375187,65;6116;
2017-05-31;274,60;274,70;273,40;274,60;272,20;274,50;274,224;1412484;387336655,85;3617;
2017-05-30;273,80;273,90;274,50;274,90;272,20;273,70;273,481;440934;120574926,4;2800;
2017-05-29;274,80;275,00;275,90;276,90;273,60;275,40;275,075;312632;85997826,06;1659;
2017-05-24;278,40;278,50;279,10;279,10;276,70;278,70;277,959;382753;106389465,3;2486;
2017-05-23;278,70;279,00;278,60;280,00;277,00;279,40;278,691;393265;109598470,29;2878;
2017-05-22;277,80;278,10;276,30;278,50;274,40;278,30;277,054;366521;101546126;2864;
2017-05-19;276,60;276,80;277,00;279,00;275,90;276,50;276,777;334039;92454696,7;2064;
2017-05-18;274,70;274,80;277,40;277,40;270,50;275,00;274,814;505121;138815736,1;2970;
2017-05-17;277,10;277,30;280,00;280,50;277,20;277,40;278,804;299799;83588536,45;2257;
2017-05-16;280,70;280,90;282,40;282,40;280,20;280,90;280,957;252798;71025737,47;2179;
2017-05-15;280,80;281,00;285,00;285,30;280,40;281,60;282,001;336733;94962006,25;1969;
2017-05-11;282,30;282,60;283,80;288,60;282,40;283,20;284,337;370233;105273074,4;2492;
2017-05-10;283,80;284,10;286,60;289,90;280,50;284,30;283,574;556264;157740674,61;3891;
2017-05-09;286,70;286,90;287,90;288,00;284,50;286,00;285,907;367782;105156846,55;2416;
2017-05-08;285,80;286,10;285,00;287,00;282,10;286,30;285,474;282252;80572649,8;1965;
2017-05-05;283,30;283,50;284,70;285,90;282,30;283,70;283,465;284768;80721348,55;1890;
2017-05-04;285,90;286,10;286,20;287,00;284,40;285,80;285,528;324886;92764164,5;2194;
2017-05-03;285,40;285,60;283,30;287,70;283,30;285,70;286,052;358816;102639001;2637;
2017-05-02;283,70;283,90;282,50;284,30;281,20;283,50;283,058;544665;154148011,95;3364;
2017-05-01;282,80;282,90;282,00;284,80;281,70;282,00;282,845;45632;12906772,5;420;
2017-04-28;282,70;283,00;283,30;284,00;281,50;283,20;282,829;361879;102349919;2343;
2017-04-27;284,00;284,10;284,10;285,40;283,30;284,00;284,25;287352;81679707,9;2317;
2017-04-26;284,50;284,70;282,00;285,10;280,60;285,10;283,488;566803;160676352,4;2854;
2017-04-25;280,80;281,00;282,80;283,50;280,50;282,00;281,673;247498;69714556,2;1418;
2017-04-24;282,50;282,70;280,00;284,50;280,00;283,50;282,72;239314;67658691,34;1587;
2017-04-21;280,90;281,10;280,00;283,30;279,40;280,60;280,995;459392;129086992,32;2744;
2017-04-20;281,30;281,50;280,00;281,80;279,30;281,40;280,433;301103;84435615,7;1759;
2017-04-19;280,00;280,10;277,70;281,50;277,00;280,00;280,087;369962;103620474,39;2281;
2017-04-18;276,70;276,90;279,40;279,40;275,80;277,10;277,165;356733;98874258,9;2568;
2017-04-12;278,10;278,20;277,40;278,50;275,30;278,50;277,372;297300;82462128,8;1708;
2017-04-11;274,70;274,90;275,40;276,40;272,70;275,60;275,409;280276;77192749,96;1402;
2017-04-10;275,40;275,50;276,40;277,30;274,10;276,00;275,426;187997;51778156,9;1336;
2017-04-07;275,30;275,50;274,90;275,60;274,30;275,50;275,197;289611;79700049,85;2053;
2017-04-06;275,90;276,10;275,40;276,70;272,40;276,40;275,397;477606;131530787,2;2871;
2017-04-05;275,30;275,60;269,40;277,30;269,40;275,70;273,905;1346671;368844576,74;5919;
2017-04-04;264,40;264,60;263,80;265,20;263,30;265,00;264,419;273517;72322892,57;1914;
2017-04-03;262,70;262,90;265,00;265,40;262,30;262,30;263,14;414954;109212327,44;2160;
2017-03-31;263,30;263,60;262,50;264,60;261,10;263,70;263,175;347998;91584844,1;2086;
2017-03-30;267,30;267,40;269,30;270,00;266,80;267,90;267,594;410100;109740148,25;2396;
2017-03-29;268,80;268,90;270,60;270,60;267,40;269,30;268,665;302330;81226133,9;1980;
2017-03-28;268,40;268,60;267,70;271,00;267,70;268,70;268,779;347973;93526896,25;2892;
2017-03-27;267,60;267,80;268,00;268,70;265,10;267,70;266,954;557814;148910980,3;3809;
2017-03-24;269,50;269,70;272,00;272,00;267,60;269,90;269,026;434743;116955126,05;3126;
2017-03-23;271,40;271,50;268,90;272,50;268,00;271,90;270,439;434193;117418890,55;3220;
2017-03-22;268,80;268,90;272,40;273,50;267,60;268,90;268,883;601142;161636454,8;4401;
2017-03-21;271,60;271,80;276,20;276,50;271,20;272,50;273,338;393118;107454051,98;2558;
2017-03-20;274,90;275,10;278,20;278,20;272,00;275,70;275,483;549004;151145351,2;2532;
2017-03-17;278,50;278,70;277,00;279,20;275,90;278,30;277,703;429764;119345737,8;2517;
2017-03-16;275,90;276,10;275,00;276,90;274,00;276,70;275,968;265089;73154842,1;1808;
2017-03-15;273,70;273,90;274,80;274,80;272,30;274,00;273,532;294068;80438321,7;2338;
2017-03-14;274,00;274,10;274,00;274,60;272,70;273,90;273,737;276721;75750062,63;2259;
2017-03-13;274,20;274,30;275,30;275,60;273,60;274,80;274,444;321623;88267529,3;2079;
2017-03-10;274,40;274,50;275,00;276,30;274,20;274,90;274,986;354310;97430491,15;2527;
2017-03-09;274,40;274,60;273,90;274,80;272,50;274,50;273,686;387164;105903295,6;1876;
2017-03-08;273,90;274,10;273,40;274,20;270,90;274,10;273,101;608027;166048118,95;4461;
2017-03-07;274,40;274,60;274,00;275,10;273,90;274,20;274,409;361541;99210345,51;2277;
2017-03-06;274,10;274,30;273,50;274,30;272,10;274,20;273,574;477123;130536584,1;3169;
2017-03-03;274,80;275,00;274,90;275,10;272,00;275,10;273,997;549945;150674724,8;3489;
2017-03-02;275,00;275,20;277,90;278,90;274,90;275,80;276,409;457489;126457697,6;2803;
2017-03-01;276,40;276,60;273,50;277,30;272,80;277,10;276,138;675513;186530951,5;4309;
2017-02-28;272,20;272,40;270,20;273,40;269,20;273,40;271,901;1030295;279945594,25;3679;
2017-02-27;269,30;269,50;266,30;269,70;265,80;269,70;268,753;674677;181320760,2;4382;
2017-02-24;266,10;266,20;264,00;269,20;263,70;265,60;266,35;818395;217958398,9;4738;
2017-02-23;262,60;262,70;262,00;267,20;261,30;262,10;262,708;983275;258313558,15;5184;
2017-02-22;255,80;255,90;253,60;256,80;253,00;256,30;255,396;508335;129812323,1;2791;
2017-02-21;253,50;253,60;253,30;254,00;251,60;253,90;253,223;473833;119983396,4;3217;
2017-02-20;253,30;253,40;253,50;254,50;252,90;253,00;253,521;279992;70988957,55;1977;
2017-02-17;253,30;253,50;252,60;254,10;252,10;253,00;252,982;296095;74906473,9;2235;
2017-02-16;253,20;253,30;254,90;255,30;253,10;253,10;253,611;261118;66222289,5;1678;
2017-02-15;254,40;254,50;254,50;255,50;253,80;254,70;254,554;450351;114626602,9;1979;
2017-02-14;253,90;254,00;254,50;254,60;252,90;253,80;253,867;329534;83657686,46;1905;
2017-02-13;254,50;254,80;253,50;255,00;252,50;254,80;254,519;243375;61943563,2;1588;
2017-02-10;252,50;252,70;255,10;255,70;252,10;253,00;253,005;361674;91505668,45;2321;
2017-02-09;254,90;255,10;255,00;255,80;253,00;255,10;254,794;338925;86355557,94;1935;
2017-02-08;253,00;253,10;254,90;254,90;252,50;253,20;253,402;537553;136207709,5;3144;
2017-02-07;252,90;253,00;246,00;253,70;245,60;253,70;251,851;612334;154216234,7;3075;
2017-02-06;247,30;247,50;249,40;249,50;246,50;246,90;247,621;321641;79603796,6;1919;
2017-02-03;248,90;249,10;248,70;250,40;247,90;249,40;249,504;358400;89428632,41;2186;
2017-02-02;248,50;248,60;249,00;249,00;246,90;248,20;248,163;743062;184133155,9;2413;
2017-02-01;248,90;249,10;246,00;250,90;245,30;249,10;248,531;585941;145621657,5;3375;
2017-01-31;244,80;244,90;243,00;245,30;242,20;244,70;244,353;327485;80016736,2;2103;
2017-01-30;241,70;241,90;246,00;246,40;241,60;241,60;242,835;265105;64377085,8;1667;
2017-01-27;246,20;246,40;245,00;246,60;242,80;246,20;245,164;709658;173946824,59;2416;
2017-01-26;239,80;240,00;240,60;240,60;239,00;240,00;239,741;209062;50122463,1;1213;
2017-01-25;239,80;239,90;240,30;241,30;239,20;239,90;240,007;365181;87646169,95;2134;
2017-01-24;239,20;239,50;240,10;241,00;238,30;239,50;239,555;259646;62199874,57;1463;
2017-01-23;239,70;239,90;240,20;241,20;239,60;240,20;240,069;287370;68987111,7;1874;
2017-01-20;240,30;240,50;242,00;242,00;238,90;240,60;239,95;403074;96717257,65;1824;
2017-01-19;241,70;241,90;242,20;243,40;240,60;242,00;242,165;285774;69204379,7;1794;
2017-01-18;240,90;241,10;241,70;242,30;238,60;241,80;240,904;327009;78777551,04;1914;
2017-01-17;241,50;241,70;244,00;244,00;239,80;241,70;241,457;311794;75284730,4;1942;
2017-01-16;244,10;244,30;244,50;244,50;243,00;244,50;244,003;271830;66327450,4;1775;
2017-01-13;243,90;244,10;239,50;244,30;238,20;244,30;243,056;439270;106757496,15;2673;
2017-01-12;237,70;237,80;236,50;238,00;230,10;238,00;235,93;643924;151934962;2845;
2017-01-11;236,30;236,50;236,50;238,60;235,80;236,80;237,264;901646;213925100;3690;
2017-01-10;236,40;236,50;239,00;239,40;235,20;236,40;236,596;429162;101537733,15;2787;
2017-01-09;237,90;238,20;239,80;240,00;236,20;238,80;238,234;360853;85961188,75;2192;
2017-01-06;239,50;239,60;242,00;243,50;238,20;239,40;239,919;422089;101263739,64;2357;
2017-01-05;244,80;245,00;245,40;245,60;243,30;244,80;244,671;247633;60589382,8;1505;
2017-01-04;245,10;245,20;245,00;245,70;244,10;245,10;245,008;234700;57502766,42;1410;
2017-01-03;245,20;245,40;244,90;246,00;243,50;245,00;244,821;345484;84581220,7;1997;
2017-01-02;243,20;243,30;238,10;243,20;238,10;243,10;241,29;150032;36202120,9;1006;
2016-12-30;238,60;238,70;237,60;239,20;237,20;238,40;238,181;167917;39994815,5;888;
2016-12-29;238,00;238,20;238,00;238,50;236,60;237,90;237,626;117910;28018256,82;800;
2016-12-28;238,40;238,50;238,40;238,90;237,70;238,30;238,345;129045;30757323,2;896;
2016-12-27;238,60;238,70;235,80;239,30;235,80;239,00;238,119;147038;35011501,2;1142;
2016-12-23;236,50;236,60;236,20;238,50;236,10;236,30;236,898;218811;51835782,6;1522;
2016-12-22;237,00;237,20;236,60;238,20;236,50;236,90;237,246;295815;70180891,5;1758;
2016-12-21;237,70;237,90;238,10;239,30;236,40;237,50;237,717;372442;88535660,3;2176;
2016-12-20;237,20;237,40;239,50;239,70;237,10;237,10;237,911;301431;71713784,1;1888;
2016-12-19;238,20;238,30;239,60;240,90;238,10;238,50;239,36;336280;80492575;2299;
2016-12-16;239,80;240,00;240,00;242,00;238,90;241,50;240,929;722841;174153389,4;2081;
2016-12-15;239,10;239,30;239,10;240,20;236,70;239,70;238,618;320630;76505090,55;2355;
2016-12-14;238,50;238,70;240,80;241,80;237,80;237,80;238,565;254381;60686757;1411;
2016-12-13;240,60;240,80;238,20;241,40;238,00;240,70;240,384;311942;74984072,86;1886;
2016-12-12;238,30;238,40;242,00;243,10;238,20;239,00;239,326;259297;62064323,6;1621;
2016-12-09;241,20;241,40;240,00;241,90;238,60;241,90;241,098;385157;92861820,35;1996;
2016-12-08;238,00;238,10;242,20;242,70;236,40;238,30;238,357;363718;86694546;2912;
2016-12-07;235,60;235,90;235,30;236,80;235,00;235,20;235,488;360905;84988998,7;1835;
2016-12-06;235,60;235,80;236,00;236,40;234,40;235,30;235,312;185237;43588542,5;1319;
2016-12-05;235,40;235,60;235,00;236,80;234,10;235,30;235,767;385332;90848765,8;2666;
2016-12-02;234,30;234,50;235,80;236,50;232,70;234,50;234,387;491510;115205481,2;2670;
2016-12-01;236,60;236,70;240,00;241,20;236,30;236,50;238,244;455679;108562815,8;2437;
2016-11-30;240,60;240,80;242,90;244,00;240,00;240,00;240,148;2583405;620399968,7;3231;
2016-11-29;242,40;242,70;240,40;242,90;240,30;242,90;241,683;272359;65823898;1997;
2016-11-28;241,30;241,50;243,80;244,60;240,50;240,80;242,089;392665;95057025,45;2962;
2016-11-25;244,10;244,30;244,00;245,50;243,00;243,70;243,906;287826;70202285;1713;
2016-11-24;243,90;244,20;242,00;244,20;242,00;243,50;243,514;218959;53319524,65;1674;
2016-11-23;242,10;242,30;244,00;245,70;242,20;242,50;243,462;294183;71627207,3;2095;
2016-11-22;243,90;244,00;246,50;246,90;243,10;243,90;244,674;399632;97777259,45;3098;
2016-11-21;244,20;244,40;242,30;244,80;241,50;244,40;243,676;491861;119851757,3;3108;
2016-11-18;240,70;240,90;238,70;241,50;238,10;240,90;240,338;335320;80586161,85;2676;
2016-11-17;237,70;238,00;234,80;238,80;233,70;238,10;237,706;281354;66876183,5;2326;
2016-11-16;234,60;234,90;232,60;235,10;232,30;235,00;234,369;373371;87508387,3;1989;
2016-11-15;231,90;232,10;231,30;232,80;226,30;232,00;230,634;602915;139056703,71;4064;
2016-11-14;231,20;231,30;238,10;238,70;230,80;230,80;232,752;410483;95530597,15;2565;
2016-11-11;235,50;235,70;241,60;241,60;234,80;236,00;236,42;387357;91577324,4;2504;
2016-11-10;239,30;239,50;245,00;245,40;239,30;239,30;240,527;297122;71469405,3;2034;
2016-11-09;241,60;241,90;240,00;243,50;239,50;241,70;241,958;304044;73564107,35;2373;
2016-11-08;247,40;247,60;250,00;252,60;247,10;247,40;248,39;292759;72718467,4;2308;
2016-11-07;249,40;249,60;250,00;250,00;247,70;249,60;248,986;275951;68700012,9;2035;
2016-11-04;246,90;247,00;245,50;247,50;243,50;247,00;245,984;418239;102875191,05;3234;
2016-11-03;246,10;246,30;244,00;248,10;240,40;246,10;243,817;838738;204499672;6248;
2016-11-02;251,90;252,00;261,90;261,90;248,20;252,60;253,401;484327;122731235,7;3643;
2016-11-01;264,10;264,30;266,70;267,30;262,80;265,40;264,994;201555;53407066,05;1622;
2016-10-31;265,80;266,00;262,20;266,90;262,20;266,40;265,847;386786;102825765,6;2295;
2016-10-28;263,80;263,90;264,20;265,40;262,40;263,60;263,798;272327;71839219,9;2184;
2016-10-27;265,00;265,20;266,50;267,10;264,40;265,10;265,475;161729;42937975,5;1424;
2016-10-26;265,40;265,50;268,60;269,60;264,60;266,00;266,226;193795;51593426,75;1475;
2016-10-25;269,50;269,70;273,00;273,00;269,30;269,30;271,637;535609;145491220,5;936;
2016-10-24;271,70;271,80;272,00;274,00;271,30;272,20;272,513;165557;45116502,8;1063;
2016-10-21;270,00;270,20;269,70;270,70;269,30;270,00;270,007;128041;34571481,5;862;
2016-10-20;270,00;270,20;269,80;271,20;269,50;270,10;270,133;162884;44000380,2;1028;
2016-10-19;270,60;270,70;268,60;271,00;268,20;270,50;270,403;235144;63583621,4;1862;
2016-10-18;267,10;267,30;270,00;270,00;266,60;268,00;267,551;268053;71717912,2;1641;
2016-10-17;268,60;268,70;268,60;269,10;266,50;269,10;268,338;198797;53343952,1;1530;
2016-10-14;268,50;268,70;266,00;269,60;266,00;268,40;268,337;160728;43129256,7;1047;
2016-10-13;266,50;266,60;265,80;267,10;264,40;266,70;266,443;225055;59963025,1;1796;
2016-10-12;266,10;266,20;266,70;268,40;265,90;266,10;266,579;256529;68396491,65;1401;
2016-10-11;266,90;267,00;269,20;269,20;266,70;266,70;267,591;222688;59589625,15;1562;
2016-10-10;268,60;268,90;268,30;269,20;267,70;268,80;268,644;203378;54635961,9;1656;
2016-10-07;268,80;269,10;272,60;273,60;268,40;268,40;269,891;295615;79809485,35;1931;
2016-10-06;273,50;273,70;276,80;276,80;273,20;273,50;274,164;204896;56175273,6;1371;
2016-10-05;274,90;275,10;276,60;277,40;274,30;275,10;274,987;175142;48160966,35;1152;
2016-10-04;277,30;277,50;278,00;278,30;276,50;277,30;277,306;248464;68899917;1396;
2016-10-03;276,00;276,10;275,70;276,80;274,40;276,80;276,154;175045;48338919,75;1214;
2016-09-30;274,40;274,60;270,60;275,10;268,20;275,10;273,234;355538;97144877,4;1943;
2016-09-29;272,60;272,80;275,70;276,10;272,40;273,10;273,841;225757;61823344,5;1490;
2016-09-28;274,30;274,50;272,40;275,00;272,40;274,60;274,494;157225;43157272,1;783;
2016-09-27;271,70;271,90;273,10;273,10;270,80;272,30;271,964;261588;71142202,7;1111;
2016-09-26;271,70;271,90;272,70;272,90;271,00;271,70;271,855;201386;54747756,9;972;
2016-09-23;274,10;274,30;274,60;274,60;273,80;273,90;273,973;112843;30915966,64;567;
2016-09-22;274,50;274,60;275,00;275,20;273,90;274,50;274,531;175536;48189427,52;894;
2016-09-21;272,60;272,90;274,80;274,80;272,00;272,80;272,978;305738;83459464,35;960;
2016-09-20;272,40;272,50;272,40;273,70;271,90;272,40;272,798;493888;134724171,91;1016;
2016-09-19;272,50;272,80;273,90;274,00;271,40;273,00;272,413;344645;93885823,7;898;
2016-09-16;272,50;272,70;270,30;272,80;270,00;272,00;271,764;282893;76880117,8;1296;
2016-09-15;271,00;271,30;268,50;271,30;268,40;271,10;270,181;282890;76434407,82;1164;
2016-09-14;268,90;269,20;269,00;270,30;268,30;268,80;269,135;248284;66821960,9;1085;
2016-09-13;267,90;268,20;269,90;270,50;267,10;268,20;268,244;187787;50357688,8;1264;
2016-09-12;267,70;268,00;266,30;268,60;263,90;268,60;266,973;188228;50249866,65;1540;
2016-09-09;268,80;269,10;274,70;274,80;268,80;269,00;271,44;200559;54440210,8;1390;
2016-09-08;274,90;275,10;277,20;279,00;274,20;274,80;276,106;291870;80587175,45;2143;
2016-09-07;275,30;275,50;273,40;275,80;272,60;275,80;274,814;191981;52758995,7;1215;
2016-09-06;273,30;273,40;275,30;275,50;273,00;273,00;273,556;250079;68410670,9;1475;
2016-09-05;274,80;275,00;273,60;275,80;272,90;274,60;274,72;122789;33732638,2;902;
2016-09-02;271,10;271,30;269,80;272,20;269,00;272,20;271,222;321660;87241154,6;1884;
2016-09-01;268,80;269,00;270,60;272,20;268,50;268,80;269,972;241371;65164242,1;1872;
2016-08-31;269,20;269,40;269,10;270,20;268,00;270,20;269,869;386588;104327335,4;1359;
2016-08-30;269,50;269,70;268,70;270,10;268,60;269,50;269,368;149537;40280564,65;1215;
2016-08-29;268,70;268,80;269,10;269,50;268,60;269,50;269,239;109799;29561970,7;736;
2016-08-26;269,50;269,70;269,00;270,30;268,10;269,70;269,208;137136;36917758,3;1188;
2016-08-25;269,40;269,50;269,90;270,20;268,70;269,10;269,27;267664;72073940,5;1976;
2016-08-24;269,20;269,40;267,00;270,20;266,30;269,30;268,953;264668;71190738,55;2122;
2016-08-23;268,00;268,10;267,80;268,70;266,10;268,00;267,512;370611;99142599,05;4395;
2016-08-22;267,30;267,50;268,00;269,20;267,00;267,00;267,954;254789;68270442,6;1550;
2016-08-19;267,20;267,40;264,80;267,40;264,50;267,20;265,808;503902;133941447,1;1994;
2016-08-18;265,80;266,00;264,30;266,50;264,20;265,40;265,351;322498;85574904,85;1709;
2016-08-17;262,50;262,60;260,10;262,70;258,80;262,40;261,229;356198;93048573,9;2452;
2016-08-16;260,90;261,00;265,00;265,00;259,00;259,90;260,613;358382;93400474;2745;
2016-08-15;262,90;263,10;260,00;263,60;260,00;262,30;262,265;235343;61722189,3;1801;
2016-08-12;262,70;262,90;262,80;263,30;260,70;263,00;262,678;231523;60815049,3;1897;
2016-08-11;262,40;262,70;260,50;263,30;260,10;263,00;262,463;184095;48317805,1;1324;
2016-08-10;260,70;260,90;260,10;261,10;258,90;260,80;260,148;182886;47577444,7;1372;
2016-08-09;260,00;260,30;256,50;260,40;255,80;260,10;259,175;258391;66968370,1;1648;
2016-08-08;257,10;257,50;256,00;257,50;255,50;256,60;256,543;193579;49663723,07;1401;
2016-08-05;256,30;256,40;254,00;256,50;253,40;256,50;255,532;218653;55865550,8;1306;
2016-08-04;254,10;254,40;253,90;254,80;252,30;254,40;253,852;269922;68525056,4;1549;
2016-08-03;253,10;253,40;259,10;259,10;251,90;252,70;253,315;317575;80446467,8;1916;
2016-08-02;254,30;254,50;256,10;257,60;254,30;254,60;255,123;223396;56993494,9;1508;
2016-08-01;257,10;257,20;257,90;259,40;256,30;257,60;257,754;177962;45870383,5;1268;
2016-07-29;257,20;257,50;258,20;258,20;255,30;256,60;256,543;225948;57965409,3;957;
2016-07-28;258,10;258,30;257,00;260,20;257,00;257,10;257,967;267426;68987016;1800;
2016-07-27;256,80;257,10;258,90;259,10;255,80;257,00;256,829;239272;61452241;1544;
2016-07-26;258,40;258,60;257,00;259,00;256,60;258,80;258,30;242701;62690566,3;1544;
2016-07-25;255,30;255,60;256,40;259,00;254,90;256,00;256,872;262350;67392034,3;2064;
2016-07-22;254,80;255,10;254,00;255,80;252,70;255,80;254,988;150787;38448926;1073;
2016-07-21;253,20;253,50;255,90;255,90;251,70;253,80;253,389;178247;45165760,8;1209;
2016-07-20;254,90;255,20;252,80;256,10;252,40;254,90;254,69;215651;54922696,45;1730;
2016-07-19;251,90;252,10;252,90;253,40;251,60;252,00;252,208;340268;85821174,35;2423;
2016-07-18;252,80;253,00;252,00;254,20;250,00;252,90;252,764;218503;55227226,35;1600;
2016-07-15;252,20;252,50;250,50;252,70;250,30;252,20;251,928;271317;68352203;1779;
2016-07-14;252,10;252,30;252,70;253,20;251,70;252,40;252,396;264413;66736727,7;2717;
2016-07-13;252,40;252,60;250,00;252,70;244,60;252,20;251,24;204210;51305349,15;1661;
2016-07-12;249,50;249,80;249,60;250,40;249,00;250,00;249,84;317358;79288839,4;1837;
2016-07-11;248,80;248,90;247,50;249,10;245,30;248,80;247,495;454749;112547883,9;1827;
2016-07-08;245,30;245,50;246,00;246,20;243,40;245,80;244,992;517256;126725032,9;2441;
2016-07-07;244,20;244,50;243,90;245,50;243,50;244,00;244,309;452237;110486918,8;2115;
2016-07-06;241,70;241,90;245,00;246,20;240,80;242,30;242,672;335154;81335570,6;2587;
2016-07-05;246,00;246,10;249,40;250,00;244,60;245,80;246,178;241468;59443333,1;1808;
2016-07-04;251,00;251,30;254,00;254,60;250,20;250,80;252,034;397815;100259878,9;2339;
2016-07-01;256,70;256,90;253,10;257,00;252,40;256,70;255,824;233776;59801421,65;1676;
2016-06-30;251,40;251,60;249,40;253,80;247,10;251,20;251,051;495039;124279032,45;2994;
2016-06-29;247,90;248,10;245,00;248,70;241,80;248,70;247,011;318672;78713761,2;2103;
2016-06-28;242,40;242,60;241,90;244,30;240,20;242,30;242,208;536820;130034420,96;3540;
2016-06-27;237,80;238,10;250,20;250,20;237,20;237,20;240,30;516361;124081365;3428;
2016-06-24;246,40;246,60;237,00;250,10;233,60;246,70;245,633;556761;136754947,55;3464;
2016-06-23;259,10;259,50;255,20;259,80;254,60;259,80;258,086;227288;58658627,85;1780;
2016-06-22;255,30;255,60;255,90;256,10;253,70;255,00;255,052;246682;62916810,8;1494;
2016-06-21;254,50;254,80;252,50;255,00;251,90;255,00;253,678;439642;111536221,31;2163;
2016-06-20;251,70;252,00;248,80;253,10;248,00;251,40;251,204;368900;92669007,3;3122;
2016-06-17;245,90;246,10;249,90;252,00;245,40;246,30;247,276;796322;196914180,05;4755;
2016-06-16;247,20;247,40;250,80;250,80;247,10;247,60;248,567;245968;61138762,5;1916;
2016-06-15;250,80;251,00;250,50;254,70;249,80;250,40;250,821;445026;111621833,5;2636;
2016-06-14;250,50;250,60;253,40;253,40;249,10;250,00;250,367;248607;62243237,1;1335;
2016-06-13;254,60;254,70;255,90;256,20;253,10;254,20;254,294;272306;69247522,35;2188;
2016-06-10;257,80;257,90;260,60;261,30;256,50;257,80;258,01;356492;91981587,51;2311;
2016-06-09;261,20;261,50;264,50;264,50;260,70;261,30;261,617;259799;67992657,29;1599;
2016-06-08;263,50;263,80;264,50;264,80;263,10;264,30;263,992;256814;67794655,8;1406;
2016-06-07;263,80;264,00;263,40;265,60;263,30;264,00;264,517;255362;67551861,55;1441;
2016-06-06;262,70;262,90;265,00;265,00;261,50;263,40;262,742;202863;53297038,19;1844;
2016-06-03;264,00;264,20;265,50;266,80;262,90;264,10;264,705;177340;46942405,85;1782;
2016-06-02;264,50;264,60;266,00;266,80;264,40;265,00;265,163;231896;61490196,4;1586;
2016-06-01;266,30;266,40;269,50;269,50;266,00;266,40;267,035;236574;63172524,65;1957;
2016-05-31;269,10;269,20;270,90;271,70;268,40;269,50;269,535;1517418;408998112,55;2718;
2016-05-30;269,60;269,90;268,90;270,00;267,80;270,00;269,208;129643;34900883,8;1161;
2016-05-27;267,80;268,10;267,50;268,60;265,30;268,30;267,202;342710;91572800,9;2476;
2016-05-26;266,90;267,10;263,30;267,40;262,90;267,00;266,083;306066;81439206,65;2294;
2016-05-25;263,40;263,70;268,90;268,90;262,50;263,70;263,901;317672;83833539,2;2837;
2016-05-24;264,30;264,40;261,20;265,00;259,20;265,00;263,685;369394;97403118,45;2577;
2016-05-23;260,80;260,90;263,20;264,50;260,30;260,30;261,213;425084;111039700,4;2257;
2016-05-20;262,90;263,10;260,00;264,10;259,30;264,10;262,886;658737;173163015,9;3264;
2016-05-19;258,50;258,80;258,50;259,50;256,90;258,50;258,369;208341;53828825,2;1478;
2016-05-18;257,60;257,70;257,00;258,60;255,60;258,50;257,854;281845;72673779,7;1344;
2016-05-17;256,30;256,40;257,00;257,90;254,90;256,60;256,749;290442;74571005,85;1885;
2016-05-13;256,20;256,50;253,60;256,80;253,00;256,40;255,518;340770;87073001;2609;
2016-05-12;254,10;254,30;254,90;256,20;252,90;254,20;254,769;346938;88388901,65;2847;
2016-05-11;254,40;254,70;255,00;256,00;251,80;254,80;253,695;354185;89855314;2827;
2016-05-10;253,50;253,70;255,00;255,80;253,10;254,30;254,379;244794;62270677,1;1869;
2016-05-09;252,70;252,80;256,90;256,90;252,60;253,80;254,039;541720;137618082,6;3319;
2016-05-04;252,70;253,00;249,50;254,40;248,50;253,70;252,327;656653;165647365,75;3981;
2016-05-03;247,70;248,00;247,00;248,10;245,40;248,00;246,81;426131;105169563,67;2509;
2016-05-02;247,30;247,60;246,90;248,90;246,20;247,40;247,501;218465;54071467,51;1859;
2016-04-29;246,70;246,90;247,00;248,80;245,70;246,80;246,933;438499;108278965,2;2094;
2016-04-28;248,10;248,30;249,10;249,60;245,50;248,50;248,046;289809;71887978,7;1859;
2016-04-27;250,80;251,20;250,80;251,50;248,40;250,80;249,763;466012;116385124,1;2735;
2016-04-26;252,70;252,90;255,40;255,90;252,50;253,10;253,671;230594;58495224,4;1690;
2016-04-25;254,70;255,00;253,80;255,70;252,30;254,50;254,492;320088;81457849,75;2082;
2016-04-21;254,60;254,90;254,60;256,70;252,00;255,00;254,481;396794;100976686,7;2758;
2016-04-20;254,20;254,40;256,40;258,00;253,60;254,00;255,242;389779;99485635,31;2120;
2016-04-19;257,00;257,10;255,60;257,70;253,80;257,50;257,069;375850;96615240,5;2279;
2016-04-18;254,80;254,90;251,50;255,10;250,70;255,10;253,917;511153;129784874,4;2628;
2016-04-15;253,20;253,40;254,20;255,70;251,60;252,50;252,928;373375;94467685,05;2019;
2016-04-14;254,30;254,70;253,00;256,80;251,60;255,00;255,006;433088;110265744,55;2431;
2016-04-13;251,10;251,50;258,30;258,40;250,50;250,70;252,225;685516;172901837,7;4088;
2016-04-12;255,80;256,00;257,70;257,70;253,30;256,70;255,712;380830;97382611,8;1727;
2016-04-11;257,40;257,70;258,70;259,50;255,00;257,90;257,281;222543;57256020;1687;
2016-04-08;257,80;257,90;256,00;258,30;255,10;258,30;257,349;381612;98206377,2;2545;
2016-04-07;256,50;256,60;258,00;258,00;254,70;256,50;256,45;331345;84975101,1;2186;
2016-04-06;255,80;255,90;259,60;259,60;254,70;256,20;256,005;445151;113965309,3;2834;
2016-04-05;264,30;264,40;262,30;264,50;261,80;264,00;263,348;511614;134732850,6;3071;
2016-04-04;263,30;263,70;263,50;264,30;261,80;264,00;263,684;247047;65142475,97;1728;
2016-04-01;261,90;262,00;261,50;263,30;259,50;262,70;261,69;330132;86392489;2715;
2016-03-31;261,40;261,70;261,50;262,90;260,50;262,90;262,434;533927;140120536,18;1919;
2016-03-30;261,50;261,80;261,50;262,70;261,00;261,60;261,695;323531;84666267,78;2170;
2016-03-29;260,00;260,30;259,00;261,70;257,60;260,50;260,063;452334;117634369,42;3047;
2016-03-23;259,10;259,40;259,90;261,00;257,60;259,70;259,386;488156;126621161;3049;
2016-03-22;258,90;259,20;252,50;259,20;251,60;258,70;256,335;595408;152602960,3;3895;
2016-03-21;252,70;253,00;251,30;253,70;250,20;253,00;252,688;371612;93902595,54;2408;
2016-03-18;250,80;251,10;248,10;251,80;248,10;251,80;251,087;400732;100613479,9;2397;
2016-03-17;247,80;248,00;249,30;249,30;246,80;248,30;247,913;523229;129714962,25;3870;
2016-03-16;247,00;247,20;246,00;247,80;245,40;247,80;246,948;453145;111901591,02;2975;
2016-03-15;245,70;245,90;243,00;245,90;242,60;245,90;244,66;12997291;3138185559,4;5930;
2016-03-14;251,30;251,50;251,00;252,40;250,00;251,80;251,515;245023;61626589,3;1746;
2016-03-11;249,50;249,60;248,40;250,30;247,40;249,50;249,16;352385;87818844,1;1904;
2016-03-10;246,60;247,20;245,80;250,70;244,70;246,00;247,02;510400;126079411,9;3409;
2016-03-09;245,50;245,90;241,60;248,10;241,50;245,80;246,166;330986;81474243,6;2393;
2016-03-08;243,10;243,70;242,50;245,40;241,20;242,80;243,232;313443;76234288,3;2444;
2016-03-07;243,40;243,80;245,60;247,30;242,70;244,10;244,178;302127;73787885,5;1881;
2016-03-04;244,90;245,00;241,40;248,70;241,10;245,00;245,38;778333;191020194,9;4499;
2016-03-03;239,00;239,20;238,00;241,30;236,40;239,40;239,445;582155;139405963,61;3915;
2016-03-02;234,80;235,10;246,40;251,00;233,30;234,00;238,913;821067;196007253,35;6207;
2016-03-01;242,00;242,40;240,50;243,40;239,60;242,40;241,886;400621;96896949,6;2704;
2016-02-29;238,70;239,10;236,60;239,60;233,40;239,00;237,562;574860;136563716,5;3524;
2016-02-26;239,90;240,10;226,00;242,10;226,00;240,70;239,903;312471;74962416,12;2542;
2016-02-25;238,00;238,60;239,90;240,30;236,80;238,50;238,539;338972;80858074,15;2662;
2016-02-24;237,90;238,20;242,00;243,00;235,80;237,20;237,862;427134;101599607,85;2882;
2016-02-23;242,10;242,70;243,00;245,40;240,80;241,70;243,359;310018;75447924,45;2477;
2016-02-22;242,80;243,00;240,00;244,90;240,00;243,10;243,261;286216;69615379,35;2375;
2016-02-19;240,50;241,10;242,00;245,50;238,20;240,20;241,651;399092;96438780,8;3782;
2016-02-18;240,90;241,40;240,80;242,60;237,20;241,50;240,558;339319;81622708,2;2780;
2016-02-17;236,60;237,00;233,90;237,30;233,10;237,30;236,529;352945;83481132,2;2112;
2016-02-16;233,00;233,40;234,90;234,90;230,40;232,80;232,656;378263;88005200,37;2524;
2016-02-15;229,10;229,50;231,20;231,50;226,00;230,10;229,694;444682;102140290,3;1839;
2016-02-12;224,80;225,20;223,10;227,10;223,10;225,90;225,705;312377;70505122,15;1723;
2016-02-11;223,30;223,50;229,00;229,00;220,70;223,70;223,635;473693;105935327,45;3143;
2016-02-10;228,20;228,50;222,70;230,90;221,20;228,30;228,306;371673;84849721,36;2832;
2016-02-09;221,90;222,30;220,00;224,60;216,60;221,70;220,343;554963;122283526,1;4068;
2016-02-08;223,50;224,10;230,80;231,70;222,00;223,30;224,21;295474;66249094,7;2626;
2016-02-05;231,40;232,00;230,30;234,10;230,10;231,60;231,79;291423;67549110,7;2515;
2016-02-04;232,00;232,40;240,00;240,00;231,90;232,90;234,365;312781;73305265,2;2095;
2016-02-03;237,70;238,20;240,70;240,70;236,80;238,40;238,437;218019;51983753,65;1769;
2016-02-02;239,70;240,20;244,20;244,20;239,20;240,00;240,863;134410;32375183,6;1175;
2016-02-01;242,90;243,40;240,20;246,20;240,20;243,00;243,468;240234;58488871,7;1790;
2016-01-29;242,10;242,40;239,20;243,00;238,40;243,00;242,163;338627;81999733,9;1612;
2016-01-28;237,60;238,00;238,00;239,90;236,00;238,30;238,026;181491;43199706,1;1265;
2016-01-27;238,60;239,10;236,80;240,40;236,80;238,70;238,868;189923;45367489,5;1658;
2016-01-26;237,60;238,10;231,50;238,50;227,50;237,80;236,456;275584;65170652,4;2414;
2016-01-25;235,40;235,70;237,80;238,50;235,40;236,00;236,413;179121;42346354;1620;
2016-01-22;235,20;235,70;231,70;236,00;230,80;235,90;234,958;321542;75548809,35;2128;
2016-01-21;229,70;229,90;226,00;230,50;225,60;229,60;228,451;307556;70260694,3;2667;
2016-01-20;225,60;226,00;225,80;227,10;223,70;226,10;225,815;363686;82125766,1;2763;
2016-01-19;228,20;228,80;227,80;229,40;226,80;228,70;228,218;317505;72459538,6;2371;
2016-01-18;225,50;225,70;227,70;230,30;225,20;225,60;227,173;612040;139104369,94;2895;
2016-01-15;227,90;228,30;233,30;233,40;225,30;228,10;228,654;331727;75850027,05;2397;
2016-01-14;232,10;232,60;234,00;234,50;226,30;232,20;230,359;350284;80668038,8;2779;
2016-01-13;234,30;234,60;237,00;239,90;234,30;234,60;235,982;252736;59641673,25;2039;
2016-01-12;235,00;235,30;234,00;236,40;232,00;235,50;235,173;228459;53727048,4;1660;
2016-01-11;233,00;233,30;234,30;234,60;230,10;233,60;233,097;238307;55550174,1;1580;
2016-01-08;233,50;233,80;234,90;237,70;233,50;233,70;235,369;327730;77156256,65;1997;
2016-01-07;235,00;235,40;235,00;235,40;230,60;234,90;233,516;289160;67699351,74;2050;
2016-01-06;239,10;239,20;242,50;242,50;236,10;239,40;239,262;378056;90456293,25;1319;
2016-01-05;242,40;242,60;244,10;246,10;241,20;242,50;243,042;204293;49651907,5;1696;
2016-01-04;243,20;244,10;247,40;247,40;241,20;244,10;243,587;338494;82453196,3;2547;
2015-12-30;248,90;249,20;249,80;250,20;248,40;248,70;248,988;153722;38274878,1;963;
2015-12-29;248,30;248,40;247,50;249,80;247,10;248,80;248,616;96654;24029174,78;742;
2015-12-28;246,70;247,00;243,10;248,60;243,10;246,80;246,655;139030;34293570,89;1203;
2015-12-23;242,50;242,70;243,80;245,50;241,50;243,10;243,733;219873;53590262,25;1700;
2015-12-22;241,20;241,50;242,50;243,70;240,50;241,30;241,662;169363;40967725;1197;
2015-12-21;242,70;243,00;240,60;244,40;240,10;243,00;243,109;294538;71612963,15;1778;
2015-12-18;240,70;241,10;244,00;246,40;240,50;242,30;243,062;810729;197122729,8;3775;
2015-12-17;244,30;244,40;246,70;248,80;244,10;245,10;246,984;448866;110833437,75;3061;
2015-12-16;243,90;244,40;243,60;245,60;242,20;244,50;244,043;341422;83289277,3;1930;
2015-12-15;242,30;242,40;240,30;244,30;239,10;242,70;242,014;334350;80916107,05;1998;
2015-12-14;240,50;241,00;243,00;244,80;239,40;240,70;241,434;318891;77020448,85;2209;
2015-12-11;242,60;242,90;245,30;245,70;242,00;242,00;243,362;302465;73662503,15;1763;
2015-12-10;245,10;245,40;249,00;250,30;245,00;245,70;247,272;325367;80486445,8;2297;
2015-12-09;249,80;250,00;250,00;252,10;248,00;249,80;249,736;436471;109003206,5;2853;
2015-12-08;249,90;250,20;252,00;253,60;249,60;250,00;251,417;475774;119626880,28;3086;
2015-12-07;251,50;251,70;251,50;254,20;251,20;251,70;252,423;295287;74553463,04;1873;
2015-12-04;248,50;249,10;252,00;252,40;246,70;249,60;248,65;308626;76740612,7;2121;
2015-12-03;248,80;249,20;250,60;255,70;248,00;248,40;251,371;725490;182371346,75;3898;
2015-12-02;250,70;250,90;246,60;251,20;246,60;250,90;249,755;270487;67554677,1;1792;
2015-12-01;246,80;247,10;246,70;249,40;246,60;247,50;248,204;358521;88986687,5;1944;
2015-11-30;245,70;246,00;244,30;246,80;243,40;246,30;245,995;769489;189290566,75;3162;
2015-11-27;243,60;243,90;242,90;244,90;242,40;244,00;243,998;301363;73536085,87;1675;
2015-11-26;242,50;243,10;241,50;243,90;240,60;242,50;242,655;334993;81315812;1975;
2015-11-25;241,50;241,60;237,70;242,70;237,70;241,30;241,228;542966;130826115,25;2709;
2015-11-24;237,10;237,40;240,10;241,20;237,10;237,30;239,121;390188;93302387,35;2902;
2015-11-23;240,30;240,50;239,30;240,80;238,60;240,80;240,183;294016;70617524,6;1602;
2015-11-20;239,20;239,50;235,80;239,90;234,10;239,30;237,577;447974;106428152,7;2240;
2015-11-19;236,10;236,60;239,40;239,40;234,00;236,50;236,277;443288;104741610,76;2391;
2015-11-18;237,70;237,90;245,40;247,80;237,20;237,50;240,32;660710;158884120,55;3210;
2015-11-17;245,20;245,50;248,00;248,40;245,20;245,20;246,072;433397;106644911,5;2756;
2015-11-16;243,70;243,80;242,00;246,60;240,20;243,60;243,999;409594;99940761,45;1977;
2015-11-13;242,30;242,60;244,80;245,30;240,90;242,60;242,304;307639;74542128,4;2123;
2015-11-12;245,20;245,40;244,90;247,20;243,40;245,40;245,675;247501;60805028,5;1849;
2015-11-11;245,40;245,70;245,60;247,20;244,70;245,50;245,888;292177;71842783,7;2046;
2015-11-10;243,90;244,50;245,90;246,60;243,50;244,00;244,513;271352;66349181,8;1774;
2015-11-09;245,40;245,50;245,80;246,50;244,30;245,50;245,284;201555;49439135,1;1240;
2015-11-06;245,20;245,30;245,80;246,80;243,50;245,30;244,862;318260;77929940,33;2277;
2015-11-05;245,00;245,10;245,80;247,30;243,60;245,00;245,661;351487;86330852,43;2048;
2015-11-04;245,50;245,60;243,00;246,70;242,60;245,60;245,606;327661;80474712;2014;
2015-11-03;242,50;242,60;239,40;243,00;239,30;242,50;242,096;374813;90736821,16;2871;
2015-11-02;239,40;239,60;241,00;243,20;239,00;239,50;240,456;305590;73481078,34;2031;
2015-10-30;238,40;238,70;238,70;239,80;235,20;238,70;238,121;371380;88432288,21;1547;
2015-10-29;238,40;238,50;236,90;239,10;236,50;238,50;238,355;212207;50580669,5;1440;
2015-10-28;237,00;237,20;235,90;240,00;235,00;237,00;237,869;432386;102873977,91;1794;
2015-10-27;235,70;235,90;236,40;237,90;235,10;235,90;236,169;250289;59110724,06;1520;
2015-10-26;236,30;236,40;237,40;239,30;235,90;236,40;237,693;249174;59226074,2;1692;
2015-10-23;237,20;237,30;233,40;237,90;232,80;237,30;236,085;287026;67762536,8;2102;
2015-10-22;232,10;232,20;229,70;233,00;226,20;232,20;229,985;281542;64748675,6;1869;
2015-10-21;229,20;229,30;230,40;232,00;228,50;229,20;230,249;262955;60545052,36;1560;
2015-10-20;229,90;230,00;229,80;230,30;228,20;230,00;229,712;172020;39515079;1130;
2015-10-19;228,60;228,80;229,00;230,00;226,90;228,80;228,606;129115;29516410,5;969;
2015-10-16;227,70;228,00;228,00;230,90;227,20;228,00;228,564;201051;45952914,85;1603;
2015-10-15;226,90;227,10;223,00;228,50;223,00;226,90;226,43;405002;91707065,5;3203;
2015-10-14;220,70;221,00;223,30;223,70;220,60;221,00;221,977;214068;47518151,9;1495;
2015-10-13;224,00;224,20;223,20;224,90;222,90;224,10;223,761;339248;75910332,12;1363;
2015-10-12;222,80;222,90;224,10;225,10;222,30;222,90;223,216;162433;36257639,2;952;
2015-10-09;224,40;224,70;224,90;225,70;223,00;224,70;224,546;178689;40123702,9;1213;
2015-10-08;223,60;223,70;225,10;226,80;223,20;223,70;224,468;260328;58433648,7;1978;
2015-10-07;225,10;225,20;228,40;229,20;225,10;225,10;226,987;290512;65946553,3;1978;
2015-10-06;226,90;227,00;226,30;229,70;225,60;227,00;227,681;218300;49702834;1468;
2015-10-05;226,10;226,90;225,20;228,50;224,50;226,10;226,481;273883;62029374,52;1442;
2015-10-02;222,60;222,70;224,00;225,90;221,10;222,70;222,955;251631;56117172,99;1475;
2015-10-01;222,00;222,10;223,70;224,60;221,30;222,00;222,44;461094;102566058,3;2068;
2015-09-30;221,00;221,50;225,00;225,00;220,00;221,50;221,762;618728;137213796,49;2989;
2015-09-29;221,20;221,30;221,50;222,40;219,40;221,20;220,583;493414;108836308,55;3046;
2015-09-28;223,10;223,20;225,10;226,80;222,80;223,10;224,875;287619;64678566,3;1843;
2015-09-25;225,10;225,30;226,80;229,60;225,00;225,10;226,90;352225;79919786,5;2245;
2015-09-24;223,90;224,40;226,70;227,40;221,30;224,40;224,04;357492;80092664,82;2300;
2015-09-23;225,90;226,00;224,40;226,50;222,40;226,00;225,149;198592;44711514,05;1415;
2015-09-22;224,60;224,70;230,00;230,40;224,00;224,60;226,445;323190;73182553,1;2153;
2015-09-21;230,60;230,70;230,00;232,10;229,20;230,60;230,688;341594;78825409,946;2323;
2015-09-18;229,10;230,50;227,50;230,50;225,50;230,50;229,56;939537;215641896,45;3663;
2015-09-17;228,00;228,20;225,70;228,40;225,00;228,20;227,438;287775;65451039;2202;
2015-09-16;226,10;226,20;224,80;227,50;224,20;226,20;226,068;199435;45074730,05;1293;
2015-09-15;224,40;224,60;226,20;226,70;223,00;224,40;224,285;190241;42668285,1;1140;
2015-09-14;225,90;226,60;227,90;229,10;225,70;226,60;226,949;153692;34880248,9;1148;
2015-09-11;227,90;228,00;229,60;230,10;225,10;228,00;227,307;284324;64630967,1;1822;
2015-09-10;228,70;228,90;228,30;230,00;227,40;228,70;228,59;381476;87165434,9;2309;
2015-09-09;229,90;230,00;233,50;233,80;229,90;229,90;231,028;422761;97666818,4;2466;
2015-09-08;229,30;229,40;229,90;230,60;228,80;229,40;229,757;332259;76338846,35;2228;
2015-09-07;228,40;229,00;228,50;230,00;226,10;228,90;228,474;279657;63894470,8;1936;
2015-09-04;227,10;227,50;223,70;228,20;223,70;227,50;226,001;763749;172578556,4;3550;
2015-09-03;225,50;225,60;223,00;226,60;223,00;225,50;225,157;12281542;2708544649,1;5691;
2015-09-02;230,90;231,00;228,20;233,40;227,30;230,90;230,497;297276;68519409,9;2521;
2015-09-01;227,10;227,20;230,00;231,60;223,90;227,20;227,154;350927;79713607,5;2812;
2015-08-31;231,90;232,00;230,50;233,70;229,90;231,90;232,033;243418;56480999,2;1563;
2015-08-28;230,80;231,40;235,00;235,60;230,80;230,80;232,363;436153;101352901,4;2719;
2015-08-27;230,90;231,00;235,00;237,40;230,00;231,00;233,489;790194;184489067,9;4379;
2015-08-26;218,10;218,30;216,30;219,70;210,50;218,10;216,05;539387;116368794,685;3544;
2015-08-25;213,20;213,50;209,40;214,30;206,50;213,20;211,992;417588;88521247;2734;
2015-08-24;205,90;206,00;206,80;208,30;200,90;205,90;205,119;328251;67330193,9;2318;
2015-08-21;213,10;213,40;216,10;218,30;212,90;213,10;215,08;311155;66893667,614;2498;
2015-08-20;219,60;219,70;224,90;225,70;219,00;219,70;220,945;204761;45240563,1;1438;
2015-08-19;225,20;225,70;226,20;227,60;224,90;225,20;225,827;190867;43103281,7;1175;
2015-08-18;227,00;227,30;225,90;229,30;225,60;227,30;227,378;160222;36429672,55;1480;
2015-08-17;226,90;227,00;229,60;230,90;225,70;227,00;227,319;113718;25850205,4;930;
2015-08-14;229,00;229,30;227,00;229,70;227,00;229,00;228,58;96762;22117722,65;722;
2015-08-13;227,00;227,10;226,50;229,70;226,00;227,10;227,433;167567;38110600,92;1268;
2015-08-12;224,20;224,30;227,00;228,00;224,20;224,20;225,73;158180;35704786,85;1479;
2015-08-11;228,90;229,00;232,00;233,40;229,00;229,00;230,733;150029;34616700,4;1098;
2015-08-10;232,80;233,00;235,00;236,60;232,40;233,00;233,351;119307;27840391,46;954;
2015-08-07;232,90;233,30;235,60;235,90;232,90;232,90;233,694;122084;28531695,55;971;
2015-08-06;236,60;236,90;236,50;239,80;236,50;236,60;237,787;133089;31647100;965;
2015-08-05;237,90;238,00;239,00;239,50;237,10;238,00;238,103;104673;24923134,85;880;
2015-08-04;237,70;237,80;235,20;238,50;235,10;237,80;236,933;158447;37541370,7;1197;
2015-08-03;236,20;236,60;234,00;237,60;234,00;236,60;236,352;147304;34815585,4;1090;
2015-07-31;233,90;234,00;234,90;236,10;233,50;234,00;234,412;312736;73309086,55;1681;
2015-07-30;232,90;233,00;234,80;235,70;232,60;233,00;233,577;160089;37393052,8;1289;
2015-07-29;233,80;234,10;233,50;235,30;232,80;234,00;233,992;206296;48266708,862;1202;
2015-07-28;232,90;233,10;234,20;236,70;231,80;233,10;233,698;218606;51087876,8;1421;
2015-07-27;233,40;233,50;237,40;237,40;232,50;233,50;233,975;213378;49925165,9;1312;
2015-07-24;237,20;237,40;237,60;239,00;236,00;237,40;237,662;209526;49796318,5;1310;
2015-07-23;236,30;236,50;239,20;240,30;236,20;236,30;237,766;184259;43810427,9;1366;
2015-07-22;236,80;237,00;238,10;239,90;235,30;236,80;237,94;282344;67187807,25;1385;
2015-07-21;238,00;238,30;242,90;243,30;238,00;238,00;239,818;224576;53857535,7;1233;
2015-07-20;242,20;242,30;240,40;242,50;239,30;242,30;241,076;212579;51247611,4;1612;
2015-07-17;240,40;240,50;242,50;242,90;240,40;240,40;241,27;166217;40102947,5;1103;
2015-07-16;241,90;242,00;243,00;243,00;240,30;241,90;241,612;242155;58506723,5;1584;
2015-07-15;237,50;237,80;235,30;239,60;233,90;237,50;237,551;311253;73938169,75;1643;
2015-07-14;235,20;235,40;235,40;237,30;234,00;235,20;235,55;249028;58658429,2;1789;
2015-07-13;235,00;235,10;232,40;235,40;231,00;235,00;234,256;277565;65020847,4;1409;
2015-07-10;230,20;230,40;226,90;231,30;226,50;230,40;229,691;318533;73164100;2394;
2015-07-09;223,60;223,90;221,00;223,90;220,30;223,90;222,778;230530;51356196,3;1434;
2015-07-08;220,00;220,40;221,40;221,80;219,80;220,10;220,406;345196;76082014,9;2310;
2015-07-07;221,50;221,60;222,50;224,40;220,60;221,50;221,963;239996;53269800,67;1900;
2015-07-06;223,00;223,20;221,00;223,40;221,00;223,20;222,478;188741;41990205,878;1342;
2015-07-03;223,50;223,80;223,40;224,60;222,20;223,60;223,544;169289;37843338,3;1210;
2015-07-02;222,80;223,10;223,60;224,30;221,40;223,10;222,73;255844;56983717,1;1732;
2015-07-01;223,00;223,10;221,40;224,00;220,30;223,00;222,304;235791;52417307,4;1652;
2015-06-30;220,50;220,80;220,80;222,60;219,60;220,80;220,978;419892;92786557;2551;
2015-06-29;221,60;221,70;212,50;223,00;210,30;221,70;220,744;334632;73859715;2250;
2015-06-26;221,00;221,30;220,00;221,70;219,80;221,30;220,75;237914;52519632,6;1554;
2015-06-25;221,30;221,50;223,00;224,40;220,80;221,50;222,098;324692;72089980,009;1876;
2015-06-24;223,70;224,10;226,00;226,20;222,30;224,10;223,898;206757;46292226,3;1554;
2015-06-23;225,30;225,60;224,70;226,90;223,50;225,60;225,624;350621;79104427,2;2448;
2015-06-22;222,40;222,50;221,80;224,70;221,40;222,40;222,556;483671;107650834,231;2150;
2015-06-19;219,80;220,00;223,90;227,40;219,80;219,80;220,524;598376;131957955,5;2399;
2015-06-18;222,60;222,90;222,50;223,00;217,00;222,90;220,523;462122;101912483,4;3176;
2015-06-17;224,00;224,10;227,40;227,80;222,30;224,00;223,852;555094;124274929,7;2053;
2015-06-16;225,40;225,50;222,70;225,80;220,60;225,40;223,424;240228;53678796,15;1610;
2015-06-15;225,20;225,30;227,00;227,00;224,30;225,30;225,22;202644;45639450,1;1123;
2015-06-12;227,70;227,90;228,90;231,00;227,20;227,90;228,701;199482;45619089,5;1354;
2015-06-11;228,10;228,20;229,70;231,90;227,50;228,10;228,799;170365;38979379,1;1430;
2015-06-10;230,50;230,60;228,00;230,60;225,30;230,60;228,57;381300;87153346,4;1895;
2015-06-09;227,10;227,50;230,00;230,40;226,20;227,50;228,164;303289;69199846,5;2625;
2015-06-08;231,00;231,30;234,00;234,10;230,70;231,00;231,713;267582;62002252,2;1575;
2015-06-04;234,10;234,40;234,00;235,20;230,30;234,10;232,90;170175;39633726,7;1435;
2015-06-03;234,00;234,30;232,30;236,70;232,10;234,30;234,541;265829;62347804,8;1757;
2015-06-02;231,40;231,50;237,10;238,00;230,00;231,40;232,586;178792;41584501,4;1382;
2015-06-01;235,30;235,40;232,50;236,00;232,20;235,30;234,873;295389;69378906,8;2316;
2015-05-29;233,20;233,30;237,00;237,40;231,50;233,30;233,817;2017830;471804969,45;4436;
2015-05-28;235,00;235,20;236,50;238,00;233,80;235,20;235,222;275686;64837598,019;1603;
2015-05-27;236,00;236,60;237,60;238,80;232,70;236,60;235,328;533507;125531017,343;3220;
2015-05-26;238,20;238,30;237,00;241,60;236,00;238,20;238,926;359022;85762497,69;2207;
2015-05-22;237,40;237,50;240,00;241,50;236,40;237,50;238,385;366670;87404110,642;2497;
2015-05-21;239,50;239,80;231,00;242,80;231,00;239,80;238,709;727148;173555280,45;4773;
2015-05-20;229,10;229,20;230,60;231,80;228,30;229,20;230,042;582214;133918803,807;3426;
2015-05-19;229,60;229,70;226,80;230,00;226,70;229,60;228,804;466171;106648583,8;2245;
2015-05-18;226,00;226,20;226,40;228,60;225,10;226,00;226,407;488217;110522157,74;2032;
2015-05-13;225,80;225,90;224,50;228,60;223,60;225,90;226,938;389395;88368717,2;2603;
2015-05-12;223,40;223,60;224,00;225,10;219,70;223,40;222,093;943493;210846815,672;1705;
2015-05-11;226,70;226,80;223,70;226,90;223,20;226,80;225,814;217543;49124740,6;1456;
2015-05-08;223,70;224,10;224,70;226,60;220,50;223,70;222,912;434624;96806236,02;2052;
2015-05-07;222,00;222,70;218,00;222,90;215,40;222,00;219,492;381038;83619383,25;2258;
2015-05-06;218,50;218,90;221,00;222,00;218,00;218,50;219,999;415372;91381518,3;2798;
2015-05-05;222,70;222,80;229,90;231,20;222,70;222,70;226,008;482260;108889960,33;2546;
2015-05-04;230,50;230,60;223,70;230,70;223,70;230,50;229,03;305689;70029055,85;1980;
2015-04-30;224,60;224,90;227,60;228,00;222,90;224,90;224,772;494015;111040871;3154;
2015-04-29;228,30;228,40;227,00;229,20;226,20;228,40;227,786;370281;84337791,8;2703;
2015-04-28;226,20;226,30;232,00;233,40;223,40;226,20;227,517;315829;71859670,3;1950;
2015-04-27;230,90;231,00;233,20;233,70;230,00;231,00;231,474;452086;104726891;1612;
2015-04-24;233,20;233,40;231,50;233,60;230,70;233,20;232,671;303313;70571572,5;1553;
2015-04-23;230,80;230,90;232,00;234,30;230,20;230,90;231,694;417407;96711158,3;2283;
2015-04-22;232,60;233,00;232,00;233,20;231,30;233,00;232,464;1440620;334545392,85;2361;
2015-04-21;231,40;231,50;228,80;232,20;228,80;231,50;231,395;520683;120460169,943;1745;
2015-04-20;228,00;228,30;222,50;229,00;222,40;228,30;226,958;329632;74821160,24;1800;
2015-04-17;223,00;224,20;226,80;227,90;223,00;223,00;224,103;417335;93528815,28;1732;
2015-04-16;228,60;228,80;230,70;230,70;226,60;228,60;228,107;640213;147219519,8;1883;
2015-04-15;234,00;234,10;234,00;234,50;231,30;234,10;233,678;1241747;290318265,28;1487;
2015-04-14;233,10;233,20;237,00;238,20;233,20;233,20;234,549;263737;61860830,89;1552;
2015-04-13;237,80;237,90;235,80;238,20;232,80;237,90;235,957;328902;77601035,85;1745;
2015-04-10;235,00;235,20;234,00;236,00;232,70;235,00;235,041;381885;89756301,6;1777;
2015-04-09;233,60;233,70;233,40;238,50;231,40;233,60;235,063;927836;218101091,5;4457;
2015-04-08;230,90;231,20;230,20;232,00;228,50;231,20;230,537;332809;76725026,1;1907;
2015-04-07;230,20;230,30;227,60;232,00;227,50;230,20;229,672;642700;147625396,26;2599;
2015-04-01;225,80;226,00;219,50;226,70;219,10;226,00;225,003;497004;111816896,17;2857;
2015-03-31;218,90;219,00;221,50;222,60;218,50;219,00;219,755;482955;106131401,9;2670;
2015-03-30;220,40;220,50;221,00;221,00;219,00;220,50;220,114;558073;122839501,2;3383;
2015-03-27;219,30;219,50;217,90;222,80;217,90;219,30;220,337;532610;117357418,74;2699;
2015-03-26;219,40;219,50;223,40;224,90;217,20;219,40;219,796;804261;176873821,56;4639;
2015-03-25;224,90;225,00;227,40;227,70;224,00;225,00;225,325;1292384;292989574,847;3117;
2015-03-24;227,60;227,70;223,00;227,90;222,50;227,70;225,637;703993;158847891,23;2984;
2015-03-23;223,40;223,50;226,60;226,70;222,80;223,50;223,556;714737;159790379,7;2173;
2015-03-20;225,00;225,60;227,00;228,00;222,70;225,60;225,48;1146943;258614624,62;2991;
2015-03-19;226,70;226,80;226,60;226,80;222,30;226,80;225,094;523615;117848459,98;3091;
2015-03-18;223,70;223,90;224,00;225,90;221,30;223,90;223,809;670677;150104838,64;3180;
2015-03-17;222,30;222,90;227,90;228,30;219,40;222,90;224,019;925806;207468919,43;4214;
2015-03-16;227,60;227,90;218,40;228,60;217,70;227,80;222,584;1053685;234533351,55;5193;
2015-03-13;216,40;217,00;214,10;220,50;212,20;217,00;215,365;40893495;8399049065,31;15965;
2015-03-12;204,10;204,30;213,00;213,00;203,30;204,10;205,717;1051914;216401649,89;4830;
2015-03-11;212,60;213,00;215,00;215,60;211,20;212,60;213,487;604913;129138335,45;3131;
2015-03-10;209,30;209,40;209,50;211,40;208,40;209,30;209,991;464563;97561065,29;2697;
2015-03-09;209,20;209,30;211,50;211,50;207,00;209,20;209,488;393410;82437282,891;2308;
2015-03-06;211,40;211,50;210,50;213,70;210,20;211,40;212,145;355398;75395375,01;2158;
2015-03-05;209,90;210,00;206,20;210,00;206,20;210,00;208,707;211269;44092897,7;1640;
2015-03-04;206,60;207,00;210,00;210,00;203,30;207,00;206,002;358065;73763497,76;1760;
2015-03-03;209,70;210,00;208,70;211,30;208,50;210,00;210,233;351660;73885689,467;1732;
2015-03-02;207,00;208,00;209,70;210,00;206,50;208,00;208,54;337647;70503248,796;1487;
2015-02-27;208,00;208,30;209,80;213,90;208,00;208,00;208,564;1795238;374425676;3080;
2015-02-26;209,00;209,40;209,00;209,90;207,50;209,40;209,123;177534;37126499,4;1027;
2015-02-25;207,80;208,40;208,60;209,20;207,00;208,40;208,234;174553;36347997,2;1002;
2015-02-24;209,50;209,70;206,50;210,20;205,60;209,50;208,175;264365;55032773,77;1188;
2015-02-23;206,40;207,00;207,50;210,10;205,90;206,50;207,594;276826;57434448,584;1175;
2015-02-20;206,00;206,90;205,90;206,90;205,00;206,90;206,293;300773;62031195,708;1381;
2015-02-19;206,80;207,00;203,70;207,10;202,80;207,00;205,449;263180;54069075,402;1661;
2015-02-18;204,70;204,80;200,90;205,00;200,10;204,70;203,701;480768;97933051,05;3685;
2015-02-17;200,00;200,10;198,90;200,40;197,20;200,10;199,495;193384;38560754,469;1026;
2015-02-16;198,10;199,20;200,00;200,20;196,90;199,20;198,501;260693;51768838,366;1140;
2015-02-13;199,50;199,60;199,50;200,90;199,00;199,60;199,863;269011;53766475,312;1578;
2015-02-12;199,90;200,00;202,00;202,00;198,10;200,00;199,908;527220;105387509,04;2942;
2015-02-11;200,80;200,90;195,00;201,00;194,60;200,80;198,966;323705;64403593,1;2399;
2015-02-10;195,40;195,60;190,70;196,10;190,70;195,60;194,794;240826;46911486,1;1368;
2015-02-09;191,20;191,30;193,30;193,60;190,80;191,20;192,076;189140;36328836,61;1299;
2015-02-06;193,80;193,90;192,00;194,40;189,50;193,90;192,515;248777;47894288,5;1937;
2015-02-05;192,40;192,50;190,00;193,60;190,00;192,40;192,364;200309;38531570,9;1246;
2015-02-04;194,70;195,20;193,00;196,00;192,30;194,70;194,555;150453;29271528,1;944;
2015-02-03;193,20;193,40;192,80;194,30;192,70;193,40;193,341;147616;28539848,4;994;
2015-02-02;191,80;191,90;195,00;195,80;191,00;191,80;192,656;156259;30104346,8;1018;
2015-01-30;194,80;195,30;194,00;196,50;194,00;194,80;195,35;304630;59513344,05;1469;
2015-01-29;194,30;194,40;194,60;195,20;192,30;194,30;194,052;219974;42683941,2;1033;
2015-01-28;194,80;195,40;195,20;196,50;193,20;195,40;194,904;263842;51423006,3;1205;
2015-01-27;195,00;195,20;195,80;195,90;193,90;195,20;194,769;248493;48397929,93;1974;
2015-01-26;195,50;195,70;192,70;196,00;192,20;195,70;194,172;255410;49591367,7;1576;
2015-01-23;192,90;193,00;191,00;193,70;190,80;193,00;193,043;380977;73545177,71;2135;
2015-01-22;190,50;190,90;189,50;190,90;188,00;190,90;189,777;351625;66728808,1;1808;
2015-01-21;188,70;189,00;186,80;189,00;185,90;189,00;187,982;283679;53326751,2;1575;
2015-01-20;187,50;187,60;185,60;187,90;184,80;187,60;187,157;465321;87087235,44;2008;
2015-01-19;185,50;185,70;185,60;187,60;184,70;185,70;186,109;341932;63647676,557;1555;
2015-01-16;184,60;184,70;188,00;188,70;183,30;184,70;185,562;440747;81823680,84;1576;
2015-01-15;187,90;188,00;186,00;188,20;184,30;187,90;186,095;858961;159853176,3;2902;
2015-01-14;185,30;185,50;180,90;185,70;179,70;185,50;184,273;519494;95732771,809;2437;
2015-01-13;182,50;182,60;178,70;182,70;178,60;182,50;181,152;614006;111231346,531;2270;
2015-01-12;177,60;178,00;176,80;178,70;176,80;177,60;177,833;301215;53599235,26;1264;
2015-01-09;177,00;177,10;175,00;177,50;175,00;177,10;176,459;310304;54756030,7;1858;
2015-01-08;175,40;175,50;175,50;177,00;174,90;175,50;175,695;213943;37589121,86;1042;
2015-01-07;175,50;175,60;178,20;179,00;175,00;175,60;176,981;234613;41522052,7;1257;
2015-01-06;177,20;177,80;175,20;178,00;175,10;177,80;177,131;270407;47897364,74;1352;
2015-01-05;176,80;176,90;175,70;177,20;174,80;176,90;176,472;176460;31140249,36;1077;
2015-01-02;175,30;175,50;178,50;179,20;175,30;175,30;176,503;263361;46484106,1;1754;
2014-12-30;178,00;178,10;176,40;178,10;174,40;178,10;177,16;484190;85810753,05;1274;
2014-12-29;175,60;175,70;175,00;176,50;174,70;175,60;175,528;119477;20971914,44;630;
2014-12-23;175,70;175,80;173,40;176,30;173,40;175,80;175,392;251229;44062278,5;1324;
2014-12-22;173,80;173,90;172,90;174,60;172,80;173,90;173,773;266548;46316187,708;1274;
2014-12-19;172,80;172,90;172,00;172,90;170,00;172,90;172,378;683581;117832479,2;1847;
2014-12-18;170,00;170,10;167,90;170,30;167,90;170,10;169,66;228736;38760736,158;1291;
2014-12-17;166,40;166,90;166,20;167,00;164,80;166,90;166,092;334528;55562031,068;1306;
2014-12-16;167,30;167,50;165,40;167,50;165,00;167,50;166,188;573178;95263213,778;2584;
2014-12-15;166,80;166,90;166,50;167,50;166,30;166,80;166,809;258666;43157546,446;1270;
2014-12-12;167,50;167,60;168,20;169,00;166,90;167,60;167,749;230711;38701532;1174;
2014-12-11;169,80;169,90;171,80;171,80;168,10;169,90;169,854;235821;40055151,141;1323;
2014-12-10;170,80;171,10;170,40;172,00;170,40;171,00;171,135;255896;43792966,636;1123;
2014-12-09;169,90;170,40;167,10;171,40;167,10;170,40;169,423;735166;124553338,303;2853;
2014-12-08;167,70;167,90;169,00;169,20;167,60;167,90;168,171;179220;30140200,948;699;
2014-12-05;168,70;168,90;167,00;169,00;166,10;168,90;167,559;361261;60519135,9;1471;
2014-12-04;166,10;166,20;167,30;167,30;165,40;166,20;166,029;459490;76289841,026;2133;
2014-12-03;166,30;166,40;164,00;167,90;164,00;166,40;165,331;27512087;4464911340,821;5117;
2014-12-02;169,10;169,20;167,50;170,00;167,50;169,20;169,343;284711;48211392,2;1808;
2014-12-01;166,90;167,10;167,80;168,10;165,00;166,90;166,762;220077;36710274,9;1061;
2014-11-28;168,80;169,00;169,80;169,80;167,60;169,00;168,569;126322;21293994,1;647;
2014-11-27;169,30;169,50;168,00;169,60;167,20;169,40;168,711;237852;40125725,79;1086;
2014-11-26;168,60;168,70;167,90;168,90;166,80;168,70;168,285;446317;75106563,242;1812;
2014-11-25;166,80;166,90;169,10;170,60;166,20;166,80;167,073;6114148;1021511376,17;6172;
2014-11-24;168,00;168,10;168,10;168,80;167,20;168,00;168,039;474852;79793619,5;2542;
2014-11-21;167,80;167,90;169,80;169,90;166,40;167,90;168,014;262741;44144190,6;1432;
2014-11-20;168,70;169,00;169,50;169,90;167,70;169,00;168,662;275699;46502649,1;1090;
2014-11-19;170,00;170,10;171,50;171,50;169,50;170,10;170,031;362746;61678781,2;1487;
2014-11-18;170,90;171,00;172,40;172,50;170,10;171,00;171,00;285651;48846403,95;1313;
2014-11-17;171,50;171,60;173,30;173,50;171,50;171,60;172,059;187002;32175456,4;971;
2014-11-14;173,30;173,70;174,80;175,90;173,10;173,70;174,031;370363;64453414,55;1806;
2014-11-13;174,30;174,50;174,50;174,60;174,00;174,40;174,267;443628;77308737,65;2349;
2014-11-12;174,50;174,80;172,00;175,00;170,10;174,80;173,031;1217364;210657023,25;5165;
2014-11-11;167,70;167,90;170,00;170,70;167,20;167,90;168,628;294681;49692081,84;1382;
2014-11-10;170,10;170,20;168,10;172,00;168,10;170,10;170,953;424897;72637931,6;2020;
2014-11-07;169,00;169,20;166,70;170,00;166,20;169,00;168,173;784007;131847448,55;3224;
2014-11-06;165,60;165,70;165,00;166,40;165,00;165,60;165,727;222631;36895937,18;1246;
2014-11-05;165,80;166,00;166,20;166,60;164,80;165,80;165,657;263539;43656971,9;1299;
2014-11-04;165,30;165,40;164,60;166,30;164,60;165,30;165,715;330507;54769804,8;1669;
2014-11-03;164,50;164,90;166,50;166,50;163,80;164,50;164,92;230775;38061594,6;1021;
2014-10-31;165,40;165,60;166,50;166,50;165,00;165,60;165,67;256023;42415442,2;1245;
2014-10-30;165,60;165,70;166,20;166,30;164,60;165,70;165,591;202855;33590967,2;1233;
2014-10-29;165,70;166,00;165,00;166,10;164,70;166,00;165,589;201050;33291581,7;1116;
2014-10-28;164,50;164,80;164,00;166,00;164,00;164,60;165,183;207443;34266051,8;1161;
2014-10-27;164,60;164,70;165,10;166,00;163,80;164,60;164,831;185086;30507875,1;1080;
2014-10-24;164,80;164,90;164,50;165,70;164,40;164,90;165,042;192037;31694178,2;1186;
2014-10-23;165,70;165,80;165,50;165,80;162,10;165,70;165,174;352130;58164243,05;1553;
2014-10-22;164,70;165,00;165,00;165,70;164,10;165,00;164,949;358533;59139269,45;1368;
2014-10-21;163,90;164,00;159,50;164,90;158,90;164,00;162,821;434260;70706494,2;1730;
2014-10-20;160,30;160,40;158,60;161,90;157,50;160,40;160,238;340768;54603078,484;1955;
2014-10-17;158,50;158,60;154,00;158,60;154,00;158,60;156,883;209682;32894348,51;1227;
2014-10-16;153,10;153,20;155,00;156,80;149,10;153,20;151,623;446182;67651986;2245;
2014-10-15;155,80;155,90;158,50;159,50;153,50;155,90;156,236;370710;57917937,1;1816;
2014-10-14;157,80;157,90;154,00;157,90;153,70;157,90;155,934;325064;50684546,62;1615;
2014-10-13;154,60;154,70;154,00;156,20;153,00;154,70;154,822;392145;60710909;1595;
2014-10-10;154,80;155,10;154,80;155,10;153,50;155,00;154,601;490735;75868766,4;1921;
2014-10-09;156,00;156,10;157,00;157,80;155,70;156,00;156,535;194729;30482090,75;922;
2014-10-08;155,90;156,00;155,60;156,60;155,00;156,00;155,635;429695;67021726,15;1080;
2014-10-07;156,00;156,40;156,00;157,70;155,80;156,40;156,584;352271;55158498,34;1301;
2014-10-06;156,00;156,20;158,00;159,20;156,00;156,00;157,067;227573;35744513,25;953;
2014-10-03;157,50;157,60;156,50;163,70;156,50;157,60;157,969;262631;41487443,3;1195;
2014-10-02;157,30;157,40;159,30;159,30;155,50;157,30;156,803;358518;56219960,19;1794;
2014-10-01;158,70;158,90;159,80;160,40;157,90;158,90;159,335;269005;42861553,46;1267;
2014-09-30;159,60;159,80;160,80;162,50;159,30;159,80;160,083;419398;67139418,24;1778;
2014-09-29;160,90;161,00;162,50;163,30;160,50;161,00;161,373;283873;45812510,6;1479;
2014-09-26;161,40;161,50;162,20;162,20;160,10;161,50;161,456;218450;35270054,9;1108;
2014-09-25;162,40;162,50;163,00;163,90;162,10;162,40;163,04;279753;45611214,7;1092;
2014-09-24;162,90;163,00;163,50;164,00;162,40;163,00;163,026;208692;34022218,75;1220;
2014-09-23;163,60;163,90;165,00;165,50;163,30;163,90;164,266;134921;22163054,7;828;
2014-09-22;164,80;165,00;163,50;165,70;163,30;165,00;164,829;225037;37092216,5;993;
2014-09-19;164,70;164,90;163,50;165,70;163,50;164,90;164,811;2462771;405891409,895;2185;
2014-09-18;163,40;163,50;163,60;164,80;162,70;163,40;163,535;144578;23643434,4;744;
2014-09-17;162,70;163,00;163,00;163,80;162,70;162,70;163,021;276977;45155143,22;913;
2014-09-16;162,90;163,00;164,50;165,00;161,60;162,90;163,678;332838;54478611,8;1368;
2014-09-15;164,90;165,00;165,50;165,70;164,40;164,90;164,981;161852;26702842,55;720;
2014-09-12;165,30;165,60;165,70;165,70;164,70;165,50;165,319;236768;39140289,207;893;
2014-09-11;165,10;165,40;165,30;165,90;164,90;165,40;165,428;414942;68645396,67;1815;
2014-09-10;165,30;165,50;165,20;165,80;164,10;165,50;165,184;398980;65906628,76;1927;
2014-09-09;164,70;164,80;166,00;167,30;164,30;164,80;165,806;23834862;3935082624,83;8362;
2014-09-08;173,50;173,80;173,50;174,50;172,30;173,50;173,454;92630;16066908,9;604;
2014-09-05;173,10;173,30;174,50;174,50;172,30;173,30;173,143;80520;13941475,37;441;
2014-09-04;172,70;173,10;173,00;174,90;172,80;172,80;173,79;366523;63698140,1;1630;
2014-09-03;174,40;174,50;174,00;174,90;173,40;174,50;174,169;81814;14249456,6;529;
2014-09-02;173,90;174,00;175,00;175,50;173,70;174,00;174,231;141844;24713680,78;664;
2014-09-01;174,60;174,90;177,50;177,50;174,50;174,80;175,468;69468;12189429,5;433;
2014-08-29;176,00;176,10;176,00;177,30;175,80;176,00;176,151;188762;33250606,87;760;
2014-08-28;177,20;177,30;176,00;177,90;176,00;177,20;176,761;236606;41829694,3;1000;
2014-08-27;176,80;177,10;174,80;177,40;174,00;176,80;176,572;183800;32454210,35;747;
2014-08-26;173,80;174,10;172,00;174,30;171,50;174,00;173,117;116226;20121567,84;538;
2014-08-25;171,30;171,60;172,00;172,90;171,00;171,40;171,367;90503;15509275,4;742;
2014-08-22;170,50;170,70;170,50;172,00;169,40;170,50;170,657;202451;34548742,64;1249;
2014-08-21;168,70;169,10;168,90;169,50;166,10;168,70;168,081;495089;83215432,51;2298;
2014-08-20;174,90;175,00;176,00;176,90;174,70;175,00;175,95;233629;41106946,38;989;
2014-08-19;175,10;175,40;176,00;178,90;175,00;175,10;176,016;143601;25276625,8;864;
2014-08-18;175,80;175,90;176,00;177,80;175,00;175,80;176,243;123273;21726392,05;780;
2014-08-15;175,70;175,80;182,20;182,50;175,40;175,70;177,63;320471;56954077,95;1579;
2014-08-14;182,10;182,50;183,40;183,40;180,30;182,50;182,305;158594;28913040,45;1011;
2014-08-13;182,30;182,60;182,50;183,70;181,70;182,60;182,719;84181;15381424,4;690;
2014-08-12;181,70;181,80;182,50;182,50;180,70;181,80;181,839;144921;26352695,9;810;
2014-08-11;181,50;181,80;181,00;182,50;179,00;181,50;181,589;65510;11895891,8;588;
2014-08-08;178,10;178,60;175,00;178,90;174,00;178,60;175,84;411051;72272437,15;1062;
2014-08-07;176,00;176,10;178,30;178,30;175,60;176,00;176,483;104892;18512430,62;725;
2014-08-06;178,60;179,00;180,50;180,50;177,40;179,00;178,74;30379;5431690,78;198;
2014-08-05;180,40;180,50;179,50;181,10;178,70;180,50;180,329;57220;10318340,05;391;
2014-08-04;179,10;179,50;180,00;181,20;179,00;179,10;180,104;117540;21169987,9;450;
2014-08-01;180,00;180,20;179,50;180,50;176,20;180,00;179,136;54703;9799131,494;322;
2014-07-31;179,00;179,10;182,00;182,00;177,80;179,00;178,922;234388;41936419,372;1180;
2014-07-30;181,20;181,30;181,10;182,20;180,90;181,30;181,515;310100;56288272;559;
2014-07-29;181,30;181,50;182,10;183,50;181,30;181,30;182,018;94238;17153758,26;484;
2014-07-28;182,40;182,60;183,90;183,90;182,20;182,60;182,671;69621;12717737,1;325;
2014-07-25;182,90;183,40;183,40;184,30;182,90;182,90;183,468;80947;14851201;434;
2014-07-24;183,60;183,90;185,50;185,50;182,90;183,90;183,713;125731;23098396,5;568;
2014-07-23;184,50;184,90;184,50;186,70;184,20;184,90;185,353;69244;12834720,7;464;
2014-07-22;185,20;185,50;184,50;186,40;182,80;185,50;184,711;134789;24887835,95;561;
2014-07-21;184,00;184,20;185,00;186,00;183,90;184,00;184,663;71164;13141338,5;403;
2014-07-18;184,10;184,20;185,20;186,50;183,30;184,10;184,577;67993;12549908,5;448;
2014-07-17;186,20;186,50;186,20;187,30;186,00;186,50;186,692;56820;10607826,8;437;
2014-07-16;186,40;186,50;187,40;187,50;185,30;186,50;186,784;39374;7354690,8;312;
2014-07-15;186,00;186,50;187,50;188,00;185,60;186,50;186,728;58868;10992408,47;315;
2014-07-14;186,90;188,00;189,60;189,60;185,00;187,00;187,90;96559;18143407,2;526;
2014-07-11;188,50;188,80;190,50;190,50;188,10;188,50;188,506;105005;19794123,43;607;
2014-07-10;189,20;189,80;191,70;191,70;188,50;189,80;189,712;129932;24649708,4;709;
2014-07-09;191,50;192,00;192,80;192,80;191,10;191,80;191,885;259862;49863687,3;765;
2014-07-08;192,00;192,60;193,00;193,00;191,90;192,50;192,498;120246;23147194,2;719;
2014-07-07;192,50;192,70;192,40;193,90;192,00;192,50;192,663;70412;13566117,2;387;
2014-07-04;192,90;193,00;194,00;194,00;192,60;192,90;193,125;102421;19779835,6;466;
2014-07-03;192,80;192,90;193,00;193,80;192,30;192,90;193,016;189466;36569931;793;
2014-07-02;193,00;193,20;194,00;194,00;191,70;193,00;192,564;189142;36446102,1;375;
2014-07-01;192,80;193,10;193,00;194,50;192,50;193,00;193,214;47138;9107765,62;272;
2014-06-30;194,50;194,60;193,50;194,50;191,60;194,50;193,401;124177;24015936,55;484;
2014-06-27;193,10;193,30;194,80;195,20;191,60;193,30;193,139;128797;24875780,4;525;
2014-06-26;193,50;194,00;194,40;195,50;192,80;193,70;194,238;152759;29666619,7;458;
2014-06-25;194,20;194,40;195,60;195,60;193,50;194,40;194,239;106792;20743666,5;334;
2014-06-24;194,10;194,80;194,70;194,80;193,60;194,80;194,201;106057;20596833,3;508;
2014-06-23;194,20;194,40;193,00;195,70;191,80;194,40;194,161;111402;21628681,4;467;
2014-06-20;193,00;193,10;190,50;194,00;190,50;193,00;193,037;147838;28536739,2;421;
2014-06-19;191,40;192,00;193,00;193,00;191,00;192,00;192,053;39287;7545198,7;190;
2014-06-18;191,00;191,30;191,30;191,50;189,90;191,30;190,703;59839;11411749,15;340;
2014-06-17;190,50;191,00;193,00;193,00;190,50;191,00;191,13;43958;8401673,9;270;
2014-06-16;190,50;191,50;191,70;192,40;188,60;191,50;190,846;70270;13410864,6;438;
2014-06-13;190,50;190,80;194,50;194,50;190,20;190,80;191,161;62838;12012171,7;303;
2014-06-12;193,00;193,90;194,00;195,80;192,40;193,00;193,447;79062;15294402,3;428;
2014-06-11;194,50;194,80;195,90;195,90;193,00;194,80;194,291;56098;10899304,2;298;
2014-06-10;194,80;195,40;197,00;197,00;193,10;194,80;194,574;83393;16228713,206;362;
2014-06-06;195,20;196,00;194,80;196,40;194,00;195,20;195,192;178979;34901733,18;590;
2014-06-04;192,50;192,60;191,00;193,90;190,40;192,60;192,371;138765;26693813,42;450;
2014-06-03;190,50;191,00;191,50;191,50;190,50;190,50;191,135;298879;57126879,58;621;
2014-06-02;191,00;191,30;189,80;192,50;189,60;191,00;191,201;268820;51400081,8;1017;
2014-05-28;188,50;188,80;186,00;188,80;185,00;188,80;187,473;504774;94432906,496;871;
2014-05-27;184,70;185,10;183,90;185,80;183,50;185,00;185,047;276349;51136064,1;656;
2014-05-26;182,10;182,70;184,00;184,50;182,00;182,50;182,773;104940;19180603,18;558;
2014-05-23;183,30;183,60;185,50;185,50;182,20;183,30;183,179;238899;43760599,7;1074;
2014-05-22;184,40;185,00;186,80;187,30;184,20;184,40;185,327;299450;55506348,4;539;
2014-05-21;185,70;186,20;186,00;186,90;184,20;186,20;185,563;220342;40884422,834;878;
2014-05-20;186,30;186,50;190,00;190,10;185,00;186,50;186,393;142622;26581815,2;834;
2014-05-19;188,00;188,50;189,00;190,50;184,60;188,00;187,009;543196;101583714,95;1035;
2014-05-15;188,70;188,80;193,00;194,50;188,50;188,80;190,116;301771;57373871,45;1060;
2014-05-14;193,50;194,00;199,00;199,00;191,60;193,50;194,233;926521;179953079,298;1991;
2014-05-13;201,90;202,00;200,00;201,90;199,70;201,90;201,036;769762;154735289,3;799;
2014-05-12;199,80;200,40;201,90;203,10;197,60;200,00;198,983;273981;54515430,75;803;
2014-05-09;200,00;200,10;196,80;200,00;196,00;200,00;198,352;322208;63893076,71;907;
2014-05-08;194,90;195,40;191,80;196,50;191,80;195,00;194,574;214974;41820559,3;672;
2014-05-07;191,90;193,20;191,70;193,00;190,20;192,00;191,559;215552;41290588,6;702;
2014-05-06;193,30;193,50;191,90;193,90;190,80;193,30;193,087;181917;35127611,1;446;
2014-05-05;190,10;191,50;188,50;191,50;187,10;191,50;188,648;135921;25640909,7;526;
2014-05-02;188,30;188,60;189,10;189,10;186,20;188,30;187,709;122938;23077635,58;284;
2014-05-01;188,00;189,00;187,00;189,10;187,00;189,00;188,566;80941;15259667,9;326;
2014-04-30;186,50;187,30;184,00;187,30;183,50;187,30;186,007;166465;30963354,5;425;
2014-04-29;183,80;184,00;184,50;184,50;182,20;184,00;183,269;145502;26665872,02;554;
2014-04-28;182,50;183,30;183,50;184,00;182,30;182,50;183,154;60798;11134429,3;203;
2014-04-25;182,20;182,40;183,70;184,40;182,10;182,40;182,949;78612;14382167,9;301;
2014-04-24;183,00;183,30;185,10;185,50;182,20;183,00;183,687;248609;45668468,46;532;
2014-04-23;184,50;185,50;189,50;189,50;184,50;185,00;185,158;220860;40895917,22;835;
2014-04-22;187,10;189,00;184,00;190,00;184,00;188,00;187,832;171447;32203209,6;638;
2014-04-16;182,50;183,40;181,90;183,20;181,00;183,20;182,166;172814;31480400,5;472;
2014-04-15;180,50;180,80;180,10;181,00;179,30;180,50;180,121;133395;24026708,48;423;
2014-04-14;180,00;180,50;180,90;181,30;179,00;180,30;180,195;161799;29155317,398;449;
2014-04-11;181,30;181,40;183,50;183,50;181,00;181,40;181,725;425469;77318969,6;344;
2014-04-10;183,70;183,80;183,00;184,10;180,00;183,70;182,68;223569;40869250,12;498;
2014-04-09;181,00;181,90;181,00;182,50;180,00;181,00;181,553;105708;19191633,22;285;
2014-04-08;179,20;180,00;183,50;183,90;179,50;180,00;182,219;416126;75827320,97;1169;
2014-04-07;183,30;184,00;185,40;185,40;183,00;184,00;183,705;90877;16693845,151;595;
2014-04-04;184,10;184,50;183,60;185,00;183,20;184,50;183,731;206001;37848024,091;468;
2014-04-03;183,60;183,70;184,90;185,50;183,10;183,60;184,142;166014;30571037,35;574;
2014-04-02;184,20;184,50;182,40;186,00;182,20;184,20;184,545;457224;84398876,92;1076;
2014-04-01;182,20;182,40;181,50;183,00;180,60;182,20;182,108;96582;17588476,51;312;
2014-03-31;182,00;182,30;182,50;183,00;181,20;182,00;182,051;291781;53126426,19;756;
2014-03-28;182,00;182,10;181,60;183,20;181,40;182,00;182,091;391631;71311984,8;1017;
2014-03-27;181,50;181,60;180,00;181,70;179,60;181,50;180,159;350223;63096695,8;837;
2014-03-26;180,10;180,80;181,00;181,90;180,10;180,80;180,856;392889;71050377,07;928;
2014-03-25;180,30;180,40;179,50;181,70;179,30;180,30;180,225;608509;109668256,77;968;
2014-03-24;179,40;180,00;183,00;183,40;179,40;180,00;180,192;587801;105919144,78;1221;
2014-03-21;182,90;183,00;180,00;185,00;179,00;183,00;181,082;848648;153679780,062;1420;
2014-03-20;179,00;179,50;181,00;181,50;178,00;179,00;180,367;755375;136274630,65;1173;
2014-03-19;181,20;182,30;180,20;183,50;180,20;181,20;182,186;535490;97553867,8;1126;
2014-03-18;181,00;181,30;185,00;185,30;181,30;181,30;183,625;125146;22962681,4;250;
2014-03-17;184,00;184,80;187,00;187,00;182,50;184,80;184,167;85524;15750693,7;441;
2014-03-14;183,60;186,80;185,00;195,00;180,20;186,80;183,958;209044;38456108,9;806;
2014-03-13;181,50;182,70;175,00;184,90;173,60;182,70;178,604;2930399;523212025,8;4009;
